"369","Pilot Travel Center","Birmingham","AL","I-20/59/65/AL 78, Exit 123","$1.699","$1.899","$2.099","","$2.159","$2.799","8"," "
"602","Flying J Travel Plaza","Birmingham","AL","I-65 & SR 94, Exit 264","$1.639","$1.839","$2.039","$3.099","$2.159","$2.799","12"," "
"603","Flying J Travel Plaza","Dothan","AL","Ross Clark Hwy/Hwy 231","$1.759","$1.959","$2.159","$2.799","$2.099","$2.799","8"," "
"604","Flying J Travel Plaza","Hope Hull","AL","I-65 Exit 158","$1.799","$1.999","$2.199","$2.899","$2.159","$2.799","8"," "
"497","Pilot Travel Center","Lincoln","AL","I-20, Exit 165","$1.739","$1.939","$2.139","","$2.159","$2.799","8"," "
"601","Flying J Travel Plaza","McCalla","AL","I-20/I-59 Exit 104","$1.759","$1.959","$2.159","$2.999","$2.139","$2.799","12","B15"
"441","Pilot Travel Center","Priceville","AL","I-65, Exit 334","$1.699","$1.899","$2.099","","$2.139","$2.799","8"," "
"75","Pilot Travel Center","Satsuma","AL","I-65, Exit 19","$1.799","$1.999","$2.199","","$2.159","$2.799","10",""
"302","Pilot Travel Center","Theodore","AL","I-10, Exit 13","$1.729","$1.929","$2.129","","$2.159","$2.799","7",""
"76","Pilot Travel Center","Tuscaloosa","AL","I-20/59, Exit 76","$1.699","$1.899","$2.099","","$2.139","$2.799","8","B15"
"118","Pilot Travel Center","Benton","AR","I-30, Exit 121","$1.729","$1.929","$2.129","","$2.259","$2.799","8"," "
"492","Pilot Travel Center","Caddo Valley","AR","I-30, Exit 78 & Hwy 7","$1.789","$1.989","$2.189","","$2.259","$2.799","8"," "
"332","Pilot Travel Center","North Little Rock","AR","I-40, Exit 161 Galloway Rd","$1.759","$1.959","$2.159","","$2.259","$2.799","11"," "
"430","Pilot Travel Center","Russellville","AR","I-40, Exit 84","$1.759","$1.959","$2.159","","$2.259","$2.799","7"," "
"605","Flying J Travel Plaza","Russellville","AR","I-40 Exit 84","$1.759","$1.959","$2.159","$2.499","$2.259","$2.799","10"," "
"145","Pilot Travel Center","Springdale","AR","I-49/US 71 Exit 72","$1.629","$1.829","$2.029","","$2.299","$2.899","5"," "
"606","Flying J Travel Plaza","Texarkana","AR","I-30, Exit 7","$1.719","$1.919","$2.119","$2.799","$2.259","$2.799","10","B20"
"607","Flying J Travel Plaza","West Memphis","AR","I-40 Exit 280/I-55 Exit 4","$1.799","$1.999","$2.199","$2.999","$2.259","$2.799","12"," "
"429","Pilot Travel Center","West Memphis","AR","I-40, Exit 280","$1.799","$1.999","$2.199","","$2.259","$2.799","11"," "
"459","Pilot Travel Center","Avondale","AZ","I-10, Exit 133","$1.859","$2.059","$2.259","","$2.299","$2.799","9"," "
"180","Pilot Travel Center","Bellemont","AZ","I-40, Exit 185","$1.999","$2.199","$2.399","","$2.399","$2.799","8",""
"608","Flying J Travel Plaza","Ehrenberg","AZ","I-10, Exit 1","$2.259","$2.459","$2.659","$2.799","$2.399","$2.799","10","B5"
"609","Flying J Travel Plaza","Eloy","AZ","I-10 Exit 208A","$1.799","$1.999","$2.199","$2.899","$2.299","$2.799","9"," "
"458","Pilot Travel Center","Eloy","AZ","I-10, Exit 208","$1.799","$1.999","$2.199","","$2.299","$2.799","8","B5"
"610","Flying J Travel Plaza","Kingman","AZ","I-40 Exit 53","$1.999","$2.199","$2.399","$2.799","$2.399","$2.799","10","B5"
"211","Pilot Travel Center","Lake Havasu City","AZ","I-40 & AZ 95, Exit 9","$2.259","$2.459","$2.659","","$2.399","$2.799","8","B5"
"611","Flying J Travel Plaza","Phoenix","AZ","I-10 Exit 137","$1.859","$2.059","$2.259","$2.599","$2.299","$2.799","12"," "
"328","Pilot Travel Center","Quartzsite","AZ","I-10 & US 95, Exit 17","$2.159","$2.359","$2.559","","$2.399","$2.799","9","B5"
"279","Pilot Travel Center","Rio Rico","AZ","I-19 & SR 289, Exit 12","$1.759","$1.959","$2.159","","$2.399","$2.899","7","B5"
"593","Pilot Travel Center","Tucson","AZ","I-10, Exit 268","$1.759","$1.959","$2.159","$2.699","$2.299","$2.799","8","B20"
"612","Flying J Travel Plaza","Winslow","AZ","I-40 Exit 255","$1.999","$2.199","$2.399","$2.699","$2.399","$2.799","12","B5"
"505","Flying J Travel Plaza","Yuma","AZ","I-8, Exit 12","","","","","$2.399","$2.799","",""
"613","Flying J Travel Plaza","Bakersfield","CA","Hwy 99 Exit Merced Ave.","$2.399","$2.599","$2.799","$2.999","$2.599","$2.799","10","B13"
"614","Flying J Travel Plaza","Barstow","CA","I-15 & Lenwood Exit","$2.459","$2.659","$2.859","$3.099","$2.459","$2.799","10","B10"
"282","Pilot Travel Center","Barstow","CA","I-15/40/US 58, Lenwood Rd","$2.459","$2.659","$2.859","","$2.459","$2.799","7","B10"
"200","Pilot Travel Center","Boron","CA","US 395/US 58","$2.699","$2.899","$3.099","","$2.459","$2.799","7","B13"
"372","Pilot Travel Center","Castaic","CA","I-5 & Lake Hughes Exit","$2.559","$2.759","$2.959","","$2.599","$2.799","8","B10"
"168","Pilot Travel Center","Dunnigan","CA","I-5, Road 8 Exit","$2.099","$2.299","$2.499","$2.999","$2.599","$2.799","5","B10"
"616","Flying J Travel Plaza","Frazier Park","CA","I-5 Frazier Park Exit 205","$2.339","","","$3.199","$2.599","","",""
"381","Pilot Travel Center","Hesperia","CA","I-15 & US 395","$2.359","$2.559","$2.759","","$2.459","$2.799","8","B13"
"617","Flying J Travel Plaza","Lodi","CA","I-5/Hwy 12 Exit Fairfield","$2.199","$2.399","$2.599","$3.199","$2.599","$2.799","12","B10"
"154","Pilot Travel Center","Lost Hills","CA","I-5 & SR 46","$2.199","$2.399","$2.599","","$2.599","$2.799","7","B13"
"365","Pilot Travel Center","Madera","CA","I-99 at Ave 18.5","$2.259","$2.459","$2.659","$2.899","$2.599","$2.799","12","B13"
"307","Pilot Travel Center","North Palm Springs","CA","I-10 Garnet / Indian Ave","$2.399","$2.599","$2.799","","$2.599","$2.799","6","B13"
"618","Flying J Travel Plaza","Ripon","CA","Hwy 99 Exit JackToneRd","$2.239","$2.439","$2.639","$2.799","$2.599","$2.799","12","B10"
"879","Pilot Travel Center","Sacramento","CA","I-80, Exit 85","","","","","$2.699","$2.999","7",""
"237","Pilot Travel Center","Salinas","CA","US 101 & Sanborn","$2.259","$2.459","$2.659","","$2.699","$2.999","6","B13"
"343","Pilot Travel Center","San Diego","CA","I-805, Exit 1B, CA 905","$2.499","$2.699","$2.899","","$2.859","$2.999","8","B16"
"765","Flying J Travel Plaza","Thousand Palms","CA","I-10 Bob Hope Exit","$2.399","$2.599","$2.799","$3.099","$2.599","$2.799","10"," "
"137","Pilot Travel Center","Weed","CA","I-5, Exit 745","$2.659","$2.859","$3.059","$2.999","$2.599","$2.799","8","B8"
"619","Flying J Travel Plaza","Aurora","CO","I-70 Exit 285 (South)","$1.739","$1.939","$2.139","$2.999","$2.239","$2.799","12",""
"316","Pilot Travel Center","Denver","CO","I-70, Exit 276A","$1.699","$1.899","$2.099","","$2.239","$2.799","9",""
"592","Pilot Travel Center","Grand Junction","CO","I-70, Exit 26","$1.899","$2.099","$2.299","$2.999","$2.139","$2.799","8",""
"621","Flying J Travel Plaza","Limon","CO","I-70 & Exit 359","$1.899","$2.099","$2.299","$2.999","$2.239","$2.799","8",""
"255","Pilot Travel Center","Milford","CT","I-95, Exit 40","$2.079","$2.279","$2.479","","$2.499","$2.899","8",""
"882","Pilot Travel Center","North Stonington","CT","I-95, Exit 93","","","","","$2.499","","",""
"87","Pilot Travel Center","Baldwin","FL","I-10, Exit 343","$1.959","$2.159","$2.359","","$2.359","$2.799","6","B5"
"88","Pilot Travel Center","Cocoa","FL","I-95, Exit 201","$1.999","$2.199","$2.399","","$2.459","","","B20"
"624","Flying J Travel Plaza","Dade City","FL","I-75 Exit 285 & SR52","$1.939","$2.139","$2.339","$3.099","$2.459","$2.799","12","B5"
"89","Pilot Travel Center","Ellenton","FL","I-75, Exit 224","$1.899","$2.099","$2.299","","$2.359","$2.799","4"," "
"352","Pilot Travel Center","Fort Myers","FL","I-75, Exit 139 Luckett Rd","$1.949","$2.149","$2.349","","$2.359","$2.799","7","B5"
"90","Pilot Travel Center","Fort Pierce","FL","I-95, Exit 129","$1.999","$2.199","$2.399","$2.899","$2.459","$2.799","11","B20"
"622","Flying J Travel Plaza","Fort Pierce","FL","I-95 Hwy 68 Exit 131","$1.999","$2.199","$2.399","$2.899","$2.459","$2.799","12","B20"
"471","Pilot Travel Center","Haines City","FL","US Hwy 27 North","$1.939","$2.139","$2.339","$2.999","$2.499","$2.799","7","B5"
"91","Pilot Travel Center","Jacksonville","FL","I-95, Exit 329","$1.959","$2.159","$2.359","","$2.459","$2.799","10","B10"
"500","Pilot Travel Center","Jasper","FL","I-75, Exit 460","$1.899","$2.099","$2.299","","$2.269","$2.799","10","B5"
"374","Pilot Travel Center","Marianna","FL","I-10/FL 71, Exit 142","$1.899","$2.099","$2.299","","$2.359","$2.799","7","B10"
"873","Pilot Travel Center","Medley","FL","Hwy 27 N","","","","","$2.599","","",""
"874","Pilot Travel Center","Miami","FL","US 41 & SR 997","","","","","$2.599","","",""
"897","Pilot Travel Center","Miami Gardens","FL","SR 826, Exit SR 817","","","","","$2.599","","",""
"425","Pilot Travel Center","Midway","FL","I-10, Exit 192","$1.939","$2.139","$2.339","","$2.359","$2.799","7","B10"
"424","Pilot Travel Center","Ocala","FL","I-75, Exit 358","$1.999","$2.199","$2.399","","$2.459","$2.799","9","B5"
"92","Pilot Travel Center","Ocala","FL","I-75, Exit 358","$1.999","$2.199","$2.399","","$2.459","$2.799","10","B5"
"293","Pilot Travel Center","Ocala","FL","I-75 & FL 484, Exit 341","$1.999","$2.199","$2.399","","$2.459","$2.799","7","B5"
"96","Pilot Travel Center","Okeechobee","FL","FL Turnpike, Exit 193","$2.059","$2.259","$2.459","","$2.459","$2.899","","B20"
"94","Pilot Travel Center","Punta Gorda","FL","I-75, Exit 161","$1.949","$2.149","$2.349","","$2.359","$2.799","8","B5"
"623","Flying J Travel Plaza","Quincy","FL","I-10 Exit 192","$1.939","$2.139","$2.339","$2.999","$2.359","$2.799","12","B10"
"626","Flying J Travel Plaza","St. Augustine","FL","I-95 Hwy 206 Exit 305","$1.989","$2.189","$2.389","$2.999","$2.459","$2.799","8","B5"
"625","Flying J Travel Plaza","Tampa","FL","I-4 & SR 579 Exit 10","$1.939","$2.139","$2.339","$2.999","$2.459","$2.799","6","B5"
"1058","Pilot Travel Center","Waldo","FL","","","","","","$2.299","$2.899","",""
"95","Pilot Travel Center","Wildwood","FL","I-75, Exit 329","$1.959","$2.159","$2.359","","$2.459","$2.799","7","B5"
"260","Pilot Travel Center","Albany","GA","Hwy 300 & Clark Ave","$1.769","$1.969","$2.169","","$2.299","$2.799","7"," "
"331","Pilot Travel Center","Atlanta","GA","I-285, Exit 51","$1.899","$2.099","$2.299","","$2.359","$2.799","8",""
"144","Pilot Travel Center","Augusta","GA","I-20, Exit 200","$1.869","$2.069","$2.269","","$2.399","$2.799","8","B5"
"65","Pilot Travel Center","Augusta","GA","I-20, Exit 194","$1.869","$2.069","$2.269","","$2.399","","","B5"
"66","Pilot Travel Center","Braselton","GA","I-85, Exit 129","$1.799","$1.999","$2.199","","$2.299","$2.799","7","B5"
"627","Flying J Travel Plaza","Brunswick","GA","I-95 Exit 29","$1.939","$2.139","$2.339","$2.999","$2.229","$2.799","12","B5"
"267","Pilot Travel Center","Byron","GA","I-75, Exit 146","$1.799","$1.999","$2.199","","$2.359","$2.799","9","B5"
"628","Flying J Travel Plaza","Carnesville","GA","I-85 Exit 160","$1.779","$1.979","$2.179","$2.999","$2.299","$2.799","12","B5"
"67","Pilot Travel Center","Cartersville","GA","I-75, Exit 296","$1.839","$2.039","$2.239","","$2.179","$2.799","10","B5"
"416","Pilot Travel Center","Cordele","GA","I-75, Exit 101","$1.859","$2.059","$2.259","$2.999","$2.269","$2.799","7","B5"
"421","Pilot Travel Center","Dalton","GA","I-75, Exit 326","$1.669","$1.869","$2.069","","$2.179","$2.799","10","B5"
"319","Pilot Travel Center","Dalton","GA","I-75, Exit 328","$1.669","$1.869","$2.069","","$2.179","$2.799","10","B5"
"68","Pilot Travel Center","Dublin","GA","I-16, Exit 51","$1.839","$2.039","$2.239","","$2.399","$2.799","4","B10"
"630","Flying J Travel Plaza","Jackson","GA","I-75, Exit 201","$1.859","$2.059","$2.259","$3.099","$2.359","$2.799","9","B5"
"69","Pilot Travel Center","LaGrange","GA","I-85, Exit 13","$1.899","$2.099","$2.299","","$2.359","$2.799","6","B5"
"631","Flying J Travel Plaza","Lake Park","GA","I-75 Exit 2","$1.879","$2.079","$2.279","$2.999","$2.269","$2.799","12","B5"
"420","Pilot Travel Center","Madison","GA","I-20, Exit 114","$1.889","$2.089","$2.289","","$2.399","$2.799","9","B5"
"422","Pilot Travel Center","Newnan","GA","I-85, Exit 41","$1.939","$2.139","$2.339","","$2.359","$2.799","7"," "
"71","Pilot Travel Center","Port Wentworth","GA","I-95, Exit 109","$1.879","$2.079","$2.279","","$2.229","$2.799","8","B5"
"632","Flying J Travel Plaza","Resaca","GA","I-75 Exit 320","$1.739","$1.939","$2.139","$2.999","$2.179","$2.799","12","B5"
"415","Pilot Travel Center","Rising Fawn","GA","I-59, Exit 4","$1.749","$1.949","$2.149","","$2.339","$2.799","10","B5"
"72","Pilot Travel Center","Savannah","GA","I-16, Exit 160","$1.899","$2.099","$2.299","","$2.399","$2.799","5","B5"
"575","Pilot Travel Center","St. Mary's","GA","I-95, Exit 1","$1.929","$2.129","$2.329","","$2.229","$2.799","14","B5"
"312","Pilot Travel Center","Tallapoosa","GA","I-20 & GA 100, Exit 5","$1.829","$2.029","$2.229","","$2.399","$2.799","8"," "
"417","Pilot Travel Center","Temple","GA","I-20, Exit 19","$1.899","$2.099","$2.299","","$2.399","$2.799","8"," "
"634","Flying J Travel Plaza","Temple","GA","I-20 & Hwy 113 Exit 19","$1.899","$2.099","$2.299","$2.999","$2.399","$2.799","12"," "
"192","Pilot Travel Center","Tifton","GA","I-75, Exit 60","$1.859","","$2.259","","$2.269","$2.799","8","B5"
"633","Flying J Travel Plaza","Union Point","GA","I-20 & Exit 138","$1.899","$2.099","$2.299","$2.999","$2.399","$2.799","8","B5"
"73","Pilot Travel Center","Valdosta","GA","I-75, Exit 11","$1.859","$2.059","$2.259","","$2.269","$2.799","8",""
"398","Pilot Travel Center","Vienna","GA","I-75, Exit 109","$1.859","$2.059","$2.259","","$2.269","$2.799","7","B5"
"254","Pilot Travel Center","Wildwood","GA","I-24/59, Exit 169","$1.779","$1.979","$2.179","","$2.339","$2.799","6","B5"
"913","Flying J Travel Plaza","Altoona","IA","I-80, US 65, Exit 142","$1.789","$1.989","$2.189","","$2.179","$2.799","12","B11"
"496","Pilot Travel Center","Atalissa","IA","I-80, Exit 265","","","","","$2.259","$2.799","11","B11"
"893","Pilot Travel Center","Avoca","IA","I-80, Exit 40","","","","","$2.259","$2.799","12","B11"
"495","Pilot Travel Center","Brooklyn","IA","I-80, Exit 201","$1.859","$2.059","$2.259","","$2.179","$2.799","7","B11"
"407","Pilot Travel Center","Clear Lake","IA","I-35, Exit 194","$1.699","$1.899","$2.099","","$2.279","$2.799","7","B11"
"329","Pilot Travel Center","Council Bluffs","IA","I-80/29, Exit 1B","$1.859","$2.059","$2.259","","$2.259","$2.799","8","B11"
"636","Flying J Travel Plaza","Davenport","IA","I-80 Exit 292","$1.799","$1.999","$2.199","$2.799","$2.259","$2.799","12","B11"
"373","Pilot Travel Center","Des Moines","IA","I-35/80, Ext 126","$1.899","$2.099","$2.299","","$2.179","$2.799","14","B11"
"532","Pilot Travel Center - Road Ranger","Elk Run Heights","IA","Highway 20, Exit 68","","","","","$2.279","$2.899","8","B11"
"637","Flying J Travel Plaza","Evansdale","IA","I-380 & Evansdale Dr.","$1.879","$2.079","$2.279","$2.899","$2.279","$2.899","7","B11"
"1012","Pilot Travel Center","Mt. Pleasant","IA","HWY 218 & HWY 34","$1.839","$2.039","$2.239","","$2.299","$2.899","7","B11"
"131","Pilot Travel Center","Osceola","IA","I-35, Exit 34","$1.899","$2.099","$2.299","$2.899","$2.199","$2.799","8","B11"
"238","Pilot Travel Center","Percival","IA","I-29, Exit 10","$1.939","$2.139","$2.339","","$2.259","$2.799","7","B11"
"594","Pilot Travel Center","Sioux City","IA","I-29, Exit 143","$1.839","$2.039","$2.239","","$2.299","$2.799","8","B11"
"43","Pilot Travel Center","Walcott","IA","I-80, Exit 284","$1.799","$1.999","$2.199","","$2.259","$2.799","11","B11"
"268","Pilot Travel Center","Walcott","IA","I-80, Exit 284 & CR Y40","$1.799","$1.999","$2.199","","$2.259","$2.799","6","B11"
"572","Flying J Travel Plaza","Williams","IA","I-35 & SR 20, Exit 144","$1.899","$2.099","$2.299","$2.899","$2.279","$2.799","7","B11"
"638","Flying J Travel Plaza","Caldwell","ID","I-84 Exit 29","$2.099","$2.299","$2.499","$2.299","$2.759","$2.799","8",""
"777","Flying J Travel Plaza","East Boise","ID","I-84 Exit 54 (Federal Way)","$1.979","$2.179","$2.379","$2.799","$2.759","$2.799","3",""
"1043","Flying J Travel Plaza","Idaho Falls","ID","I-15, Exit 113","$1.959","$2.159","$2.359","$2.999","$2.499","$2.799","7",""
"640","Flying J Travel Plaza","Jerome","ID","I-84 Exit 173","$1.899","$2.099","$2.299","$2.999","$2.559","$2.799","8",""
"641","Flying J Travel Plaza","McCammon","ID","I-15 Exit 47","$2.059","$2.259","$2.459","$2.899","$2.499","$2.799","5",""
"350","Pilot Travel Center","Mountain Home","ID","I-84 & US 20, Exit 95","$1.959","$2.159","$2.359","","$2.759","$2.799","9",""
"639","Flying J Travel Plaza","Post Falls","ID","I-90 Exit 2","$2.059","$2.259","$2.459","$2.159","$2.559","$2.799","8",""
"642","Flying J Travel Plaza","Alorton","IL","I-255 & Exit 17a","$1.959","$2.159","$2.359","$2.999","$2.389","$2.799","12","B12"
"1030","Pilot Travel Center","Alsip","IL","I-57 Exit 353, I-294 Exit 12A","$1.929","$2.129","$2.329","","$2.299","$2.799","7",""
"299","Pilot Travel Center","Bloomington","IL","I-55/74/IL 9, Exit 160","$1.819","","$2.219","","$2.389","$2.799","8","B11"
"526","Pilot Travel Center - Road Ranger","Champaign","IL","I-57, Exit 240","","","","","$2.389","$2.799","3","B11"
"473","Pilot Travel Center","Channahon","IL","I-55, Exit 248","$2.099","$2.299","$2.499","","$2.389","$2.799","4","B11"
"378","Pilot Travel Center - Road Ranger","Chicago","IL","I-55, Exit 288","","","","","$2.439","$2.799","1","B11"
"368","Pilot Travel Center","Decatur","IL","I-72, Exit 144","$1.599","$1.799","$1.999","","$2.389","$2.799","7","B11"
"523","Pilot Travel Center - Road Ranger","Dixon","IL","I-88, Exit 54","","","","","$2.359","$2.799","3","B11"
"313","Pilot Travel Center","East St. Louis","IL","I-55/70, Exit 4","$1.959","$2.159","$2.359","","$2.389","$2.799","9","B12"
"165","Pilot Travel Center","Effingham","IL","I-57/70, Exit 162","$1.689","$1.889","$2.089","","$2.389","$2.799","8","B11"
"643","Flying J Travel Plaza","Effingham","IL","I-70 & I-57, Exit 160","$1.689","$1.889","$2.089","$2.999","$2.389","$2.799","12","B11"
"468","Pilot Travel Center","Gilman","IL","I-57, Exit 283","$1.759","$1.959","$2.159","$2.999","$2.389","$2.799","7","B11"
"886","Pilot Travel Center - Road Ranger","Grayville","IL","I-64, Exit 130","","","","","$2.389","$2.799","6","B11"
"543","Pilot Travel Center - Road Ranger","Hampshire","IL","I-90, Exit 42","","","","","$2.389","$2.799","7","B11"
"1024","Pilot Travel Center","Joliet","IL","","$1.759","$1.959","$2.159","","$2.459","$2.799","",""
"644","Flying J Travel Plaza","LaSalle","IL","I-80 Exit 77","$1.779","$1.979","$2.179","$2.999","$2.359","$2.799","12","B11"
"514","Pilot Travel Center","Lincoln","IL","I-55, Exit 126","","","","","$2.389","$2.799","10","B11"
"540","Pilot Travel Center - Road Ranger","Loves Park","IL","I-90, Riverside Blvd.","","","","","$2.389","","","B11"
"595","Pilot Travel Center","Marion","IL","I-57, Exit 54","$1.859","$2.059","$2.259","","$2.389","$2.799","7","B12"
"579","Pilot Travel Center - Road Ranger","Marshall","IL","Illinois Hwy","","","","","$2.389","$2.799","8","B11"
"347","Pilot Travel Center - Road Ranger","McLean","IL","I-55, Exit 145","","","","","$2.389","$2.799","7","B11"
"530","Pilot Travel Center - Road Ranger","Mendota","IL","I-39, Exit 72","","","","","$2.359","$2.799","3","B11"
"326","Pilot Travel Center - Road Ranger","Minonk","IL","I-39, Exit 27","","","","","$2.359","$2.799","5","B11"
"236","Pilot Travel Center","Minooka","IL","I-80, Exit 122","$1.789","$1.989","$2.189","","$2.359","$2.799","8","B11"
"39","Pilot Travel Center","Monee","IL","I-57, Exit 335","$1.839","$2.039","$2.239","","$2.389","$2.799","5","B11"
"483","Pilot Travel Center","Morris","IL","I-80, Exit 112","$1.759","$1.959","$2.159","","$2.359","$2.799","8","B11"
"482","Pilot Travel Center","Mount Vernon","IL","I-57, Exit 95","$1.839","$2.039","$2.239","","$2.389","$2.799","8","B12"
"889","Flying J Travel Plaza","Mt. Vernon","IL","I-64/57 and Hwy 15","","","","","$2.389","$2.799","","B12"
"520","Pilot Travel Center - Road Ranger","New Berlin","IL","I-72, Exit 82","","","","","$2.389","$2.799","4","B11"
"171","Pilot Travel Center","Oakwood","IL","I-74, Exit 206","$1.679","$1.879","$2.079","$2.999","$2.389","$2.799","7","B11"
"534","Pilot Travel Center - Road Ranger","Okawville","IL","I-64, Exit 41","","","","","$2.389","$2.799","3","B12"
"515","Pilot Travel Center - Road Ranger","Ottawa","IL","I-80, Exit 93","","","","","$2.359","$2.799","6","B11"
"645","Flying J Travel Plaza","Pontoon Beach","IL","I-270 & Exit 6B","$1.959","$2.159","$2.359","$2.999","$2.389","$2.799","12","B12"
"541","Pilot Travel Center - Road Ranger","Princeton","IL","I-80, Exit 56","","","","","$2.359","$2.799","5","B11"
"539","Pilot Travel Center - Road Ranger","Rochelle","IL","I-39, Exit 99 at IL 38","","","","","$2.359","$2.799","8","B11"
"535","Pilot Travel Center - Road Ranger","Rockford","IL","I-90, Exit US 20 to IL 2","","","","","$2.439","","","B11"
"536","Pilot Travel Center - Road Ranger","South Beloit","IL","I-90, Exit 1","","","","","$2.389","$2.799","6","B11"
"646","Flying J Travel Plaza","South Beloit","IL","I-90 & HWY 75","$1.839","$2.039","$2.239","$2.799","$2.389","$2.799","12","B11"
"525","Pilot Travel Center - Road Ranger","Springfield","IL","I-55, Exit 100-A","","","","","$2.389","$2.799","4","B11"
"512","Pilot Travel Center - Road Ranger","Springfield","IL","I-55, Exit 90","","","","","$2.389","$2.799","6","B11"
"249","Pilot Travel Center","Troy","IL","I-55/70/IL 162, Exit 18","$1.959","$2.159","$2.359","","$2.389","$2.799","10","B12"
"529","Pilot Travel Center - Road Ranger","Tuscola","IL","I-57, Exit 212","","","","","$2.389","$2.799","","B11"
"537","Pilot Travel Center - Road Ranger","Winnebago","IL","US 20 Mile Marker #8","","","","","$2.439","","","B11"
"476","Pilot Travel Center","Woodhull","IL","I-74, Exit 32","$1.839","$2.039","$2.239","","$2.389","$2.799","7","B11"
"531","Pilot Travel Center - Road Ranger","Brazil","IN","I-70, Exit 23","","","","","$2.339 *","$2.799","3",""
"444","Pilot Travel Center","Brazil","IN","I-70, Exit 23","$1.839","$2.039","$2.239","","$2.339 *","$2.799","8","B5"
"445","Pilot Travel Center","Burns Harbor","IN","I-94, Exit 22","$1.939","$2.139","$2.339","","$2.329 *","$2.799","9","B5"
"339","Pilot Travel Center","Covington","IN","I-74 & SR 63, Exit 4","$1.839","","$2.239","","$2.379 *","$2.799","6","B5"
"247","Pilot Travel Center","Crawfordsville","IN","I-74, Exit 39","$1.899","$2.099","$2.299","","$2.339 *","$2.799","7","B5"
"446","Pilot Travel Center","Daleville","IN","I-69, Exit 234","$1.879","$2.079","$2.279","","$2.359 *","$2.799","9","B5"
"28","Pilot Travel Center","Daleville","IN","I-69, Exit 234","$1.879","$2.079","$2.279","","$2.359 *","$2.799","5","B10"
"881","Pilot Travel Center","Fort Wayne","IN","I-69, Exit 309A","","","","","$2.299 *","$2.799","9","B5"
"29","Pilot Travel Center","Fremont","IN","I-80/69, Exit 357","$1.859","$2.059","$2.259","","$2.339 *","$2.799","11","B5"
"271","Pilot Travel Center","Gary","IN","I-80/94, Exit 6","$1.959","$2.159","$2.359","","$2.329 *","$2.799","9","B5"
"719","Mr. Fuel","Gary","IN","I-94, Exit 6","$1.959","$2.159","$2.359","","$2.319 *","$2.699","8",""
"30","Pilot Travel Center","Greenfield","IN","I-70, Exit 96","$1.859","$2.059","$2.259","","$2.299 *","$2.799","8","B5"
"542","Pilot Travel Center - Road Ranger","Greenwood","IN","I-65, Exit 99","","","","","$2.349 *","$2.799","7",""
"647","Flying J Travel Plaza","Haubstadt","IN","I-64 & SR 41 Exit 25B","$1.859","$2.059","$2.259","$3.199","$2.359 *","$2.799","9","B5"
"447","Pilot Travel Center","Haubstadt","IN","I-64, Exit 25","$1.859","$2.059","$2.259","","$2.359 *","$2.799","8","B5"
"448","Pilot Travel Center","Hebron","IN","I-65, Exit 240","$1.939","$2.139","$2.339","","$2.339 *","$2.799","9","B5"
"653","Flying J Travel Plaza","Hebron","IN","Rt 2 & I-65 Exit 240","$1.939","$2.139","$2.339","$3.099","$2.339 *","$2.799","10","B5"
"31","Pilot Travel Center","Highland","IN","I-80/94, Exit 2","$1.959","$2.159","$2.359","","$2.329 *","$2.799","6","B5"
"318","Pilot Travel Center","Indianapolis","IN","I-465 & IN 37, Exit 4","$1.879","$2.079","$2.279","","$2.339 *","$2.799","7","B5"
"649","Flying J Travel Plaza","Indianapolis","IN","I-465 Exit 4","$1.879","$2.079","$2.279","$3.299","$2.339 *","$2.799","12","B5"
"721","Mr. Fuel","Indianapolis","IN","I-465/Hwy 40, Exit 4","$1.879","$2.079","$2.279","","$2.329 *","$2.699","14",""
"1020","Mr. Fuel","Lake Station","IN","I-80 & I-94, Exit 15B","$1.939","$2.139","$2.339","","$2.319 *","$2.699","8",""
"650","Flying J Travel Plaza","Lake Station","IN","I-94 & Exit 15b","$1.939","$2.139","$2.339","$3.099","$2.329 *","$2.799","12","B5"
"546","Pilot Travel Center - Road Ranger","Lake Station","IN","I-80, Exit 15A","","","","","$2.329 *","","","B5"
"478","Pilot Travel Center","Leavenworth","IN","I-64, Exit 92","$1.779","$1.979","$2.179","","$2.359 *","$2.799","7"," "
"652","Flying J Travel Plaza","Lebanon","IN","I-65 Exit 139","$1.859","$2.059","$2.259","$2.999","$2.339 *","$2.799","8","B5"
"152","Pilot Travel Center","Memphis","IN","I-65, Exit 16","$1.899","$2.099","$2.299","","$2.299 *","$2.799","7"," "
"304","Flying J Travel Plaza","New Haven","IN","Hwy 30; I-469 & Exit 19","$1.879","$2.079","$2.279","$2.899","$2.099 *","$2.799","9","B5"
"362","Pilot Travel Center","Pendleton","IN","I-69, Exit 214","$1.879","$2.079","$2.279","","$2.359 *","$2.799","6",""
"198","Pilot Travel Center","Plymouth","IN","US Hwy 30 & 31","$1.899","$2.099","$2.299","","$2.329 *","$2.799","8","B5"
"34","Pilot Travel Center","Remington","IN","I-65, Exit 201","$1.759","$1.959","$2.159","","$2.339 *","$2.799","7","B5"
"242","Pilot Travel Center","Shelbyville","IN","I-74, Exit 109","$1.899","$2.099","$2.299","","$2.339 *","$2.799","8","B5"
"35","Pilot Travel Center","South Bend","IN","I-80, Exit 72","$1.859","$2.059","$2.259","","$2.329 *","$2.799","6","B5"
"655","Flying J Travel Plaza","Spiceland","IN","I-70 Exit 123","$1.799","$1.999","$2.199","$2.999","$2.299 *","$2.799","12","B5"
"731","Mr. Fuel","Spiceland","IN","I- 70, Exit 123","$1.799","$1.999","$2.199","","$2.289 *","$2.699","10",""
"297","Pilot Travel Center","Terre Haute","IN","I-70 & IN 46, Exit 11","$1.859","$2.059","$2.259","","$2.339 *","$2.799","7","B5"
"36","Pilot Travel Center","Valparaiso","IN","US 30 & SR 49","$1.879","$2.079","$2.279","","$2.329 *","$2.799","4","B5"
"37","Pilot Travel Center","Whiteland","IN","I-65, Exit 95","$1.879","$2.079","$2.279","","$2.349 *","$2.799","11","B5"
"656","Flying J Travel Plaza","Whiteland","IN","I-65,Whiteland Rd, Exit95","$1.879","$2.079","$2.279","$2.999","$2.349 *","$2.799","12","B5"
"920","Pilot Travel Center","Colby","KS","I-70, Exit 54","$1.779","$1.979","$2.179","","$2.199","$2.799","8",""
"657","Flying J Travel Plaza","Dodge City","KS","Hwy 400 & Hwy 283","$1.599","$1.799","$1.999","","$2.259","$2.799","4",""
"658","Flying J Travel Plaza","Emporia","KS","I-35 & US 50 Exit 127","$1.739","$1.939","$2.139","$2.699","$2.199","$2.799","8",""
"524","Pilot Travel Center","Kansas City","KS","I-635, Exit 3","","","","","$2.039","$2.799","8","B10"
"659","Flying J Travel Plaza","Salina","KS","I-70 Exit 253","$1.759","$1.959","$2.159","$2.699","$2.199","$2.799","8",""
"903","Pilot Travel Center","Salina","KS","I-70, Exit 252","$1.759","","$2.159","","$2.199","$2.799","12",""
"660","Flying J Travel Plaza","Catlettsburg","KY","I-64 SR 180 Exit 185","$1.859","$2.059","$2.259","$2.999","$2.359","$2.799","8",""
"231","Pilot Travel Center","Corbin","KY","I-75 & US 25E, Exit 29","$1.739","$1.939","$2.139","","$2.359","$2.799","8"," "
"438","Pilot Travel Center","Franklin","KY","I-65, Exit 6","$1.799","$1.999","$2.199","","$2.359","$2.799","10","B5"
"46","Pilot Travel Center","Franklin","KY","I-65, Exit 6","$1.799","$1.999","$2.199","","$2.359","$2.799","8","B5"
"661","Flying J Travel Plaza","Franklin","KY","I-65 USHwy 31W Exit 2","$1.799","$1.999","$2.199","$2.999","$2.359","$2.799","12","B5"
"47","Pilot Travel Center","Georgetown","KY","I-75, Exit 129","$1.759","$1.959","$2.159","","$2.359","$2.799","8",""
"353","Pilot Travel Center","Georgetown","KY","I-75, Exit 129","$1.759","$1.959","$2.159","","$2.359","$2.799","12",""
"48","Pilot Travel Center","Glendale","KY","I-65, Exit 86","$1.899","$2.099","$2.299","","$2.359","$2.799","11","B5"
"351","Pilot Travel Center","Grayson","KY","I-64, Exit 172","","","","","$2.359","$2.799","7",""
"890","Pilot Travel Center","Kuttawa","KY","I-24, Exit 40 & US Hwy 62","","","","","$2.359","$2.799","6"," "
"399","Pilot Travel Center","Lebanon Junction","KY","I-65, Exit 105","$1.899","$2.099","$2.299","","$2.359","$2.799","8",""
"156","Pilot Travel Center","Madisonville","KY","Hwy 813, Exit 37","$1.839","$2.039","$2.239","","$2.359","$2.799","8",""
"240","Pilot Travel Center","Middlesboro","KY","Hwy 25, Route 2","$1.689","$1.889","$2.089","","$2.359","$2.899","4"," "
"41","Pilot Travel Center","Mount Sterling","KY","I-64, Exit 113","$1.739","$1.939","$2.139","","$2.359","$2.799","8"," "
"439","Pilot Travel Center","Oak Grove","KY","I-24, Exit 86","$1.759","$1.959","$2.159","","$2.359","$2.799","10","B5"
"49","Pilot Travel Center","Oak Grove","KY","I-24, Exit 89","$1.759","$1.959","$2.159","","$2.359","$2.799","11","B5"
"662","Flying J Travel Plaza","Oak Grove","KY","I-24 Exit 86","$1.759","$1.959","$2.159","$2.899","$2.359","$2.799","8","B5"
"358","Pilot Travel Center","Paducah","KY","I-24 & KY 305, Exit 3","$1.859","$2.059","$2.259","","$2.359","$2.799","8"," "
"440","Pilot Travel Center","Pendleton","KY","I-71, Exit 28","$1.899","$2.099","$2.299","","$2.359","$2.799","7",""
"356","Pilot Travel Center","Shepherdsville","KY","I-65, Exit 121 Brooks Rd","$1.959","$2.159","$2.359","","$2.359","$2.799","11",""
"354","Pilot Travel Center","Simpsonville","KY","I-64, Exit 28 Veechdale Rd","$1.899","$2.099","$2.299","","$2.359","$2.799","7",""
"392","Pilot Travel Center","Sonora","KY","I-65, Exit 81","$1.899","$2.099","$2.299","","$2.359","$2.799","6","B5"
"50","Pilot Travel Center","Sulphur","KY","I-71, Exit 28","$1.899","$2.099","$2.299","","$2.359","$2.799","11",""
"663","Flying J Travel Plaza","Waddy","KY","I-64 & HWY 395 Exit 43","$1.899","$2.099","$2.299","$2.599","$2.359","$2.799","8",""
"664","Flying J Travel Plaza","Walton","KY","I-75 Exit 171","$1.779","$1.979","$2.179","$2.799","$2.359","$2.799","12"," "
"278","Pilot Travel Center","Walton","KY","I-75/71/KY 338, Exit 175","$1.769","$1.969","$2.169","","$2.359","$2.799","7",""
"321","Pilot Travel Center","Walton","KY","I-75/71/KY 338, Exit 175","$1.769","$1.969","$2.169","","$2.359","$2.799","6",""
"437","Pilot Travel Center","Williamsburg","KY","I-75, Exit 11","$1.739","$1.939","$2.139","","$2.359","$2.799","7"," "
"274","Pilot Travel Center","Breaux Bridge","LA","I-10, Exit 109","$1.629","$1.829","$2.029","","$2.259","$2.799","7","B5"
"79","Pilot Travel Center","Denham Springs","LA","I-12, Exit 10","$1.689","$1.889","$2.089","","$2.259","$2.799","5","B5"
"665","Flying J Travel Plaza","Greenwood","LA","I-20 Exit 3","$1.739","$1.939","$2.139","$2.999","$2.259","$2.799","12",""
"300","Pilot Travel Center","Hammond","LA","I-12/55/US 51, Exit 40","$1.619","$1.819","$2.019","","$2.259","$2.799","7","B5"
"199","Pilot Travel Center","Haughton","LA","I-20 & Hwy 157, Exit 33","$1.699","$1.899","$2.099","","$2.259","$2.799","7",""
"82","Pilot Travel Center","LaPlace","LA","I-10/55, Exit 209","$1.719","$1.919","$2.119","","$2.259","$2.799","10","B5"
"335","Pilot Travel Center","Rayville","LA","I-20 & LA 137, Exit 138","$1.739","$1.939","$2.139","","$2.259","$2.799","7",""
"428","Pilot Travel Center","West Monroe","LA","I-20, Exit 112","$1.669","$1.869","$2.069","","$2.259","$2.799","9",""
"222","Pilot Travel Center","Sturbridge","MA","I-84, Exit 1","","","","","$2.559","$2.999","6",""
"875","Flying J Travel Plaza","Elkton","MD","I-95, Exit 109A","$1.999","$2.199","$2.399","","$2.799","$2.899","16",""
"408","Pilot Travel Center","Grantsville","MD","I-68, Exit 22","$2.059","","$2.459","","$2.299","$2.899","7",""
"150","Pilot Travel Center","Hagerstown","MD","I-70 &  US 63","$2.059","","$2.459","","$2.399","$2.899","7",""
"179","Pilot Travel Center","Hagerstown","MD","I-81, Exit 5B","$2.059","","$2.459","","$2.399","$2.899","9",""
"784","Flying J Travel Plaza","Northeast","MD","I-95, Exit 100","$1.999","$2.199","$2.399","$3.299","$2.799","$2.899","12",""
"290","Pilot Travel Center","Perryville","MD","I-95 & MD 222, Exit 93","$2.059","$2.259","$2.459","","$2.799","","",""
"17","Pilot Travel Center","Battle Creek","MI","I-94, Exit 104","$1.849","$2.049","$2.249","","$2.339","$2.799","7"," "
"666","Pilot Travel Center","Benton Harbor","MI","I-94 Exit 30","$1.899","$2.099","$2.299","$3.199","$2.339","$2.799","10","B5"
"21","Pilot Travel Center","Dexter","MI","I-94, Exit 167","$1.839","$2.039","$2.239","","$2.339","$2.799","6"," "
"296","Pilot Travel Center","Dexter","MI","I-94, Exit 167","$1.839","$2.039","$2.239","","$2.339","$2.799","7"," "
"667","Flying J Travel Plaza","Grand Ledge","MI","I-96 & Exit 90/I-69 & Exit 81","$1.859","$2.059","$2.259","$3.199","$2.359","$2.799","8"," "
"1021","Pilot Travel Center","Holland","MI","I-196 & Route 40, Exit 49","$1.859","$2.059","$2.259","","$2.359","$2.799","",""
"23","Pilot Travel Center","Ionia","MI","I-96, Exit 67","$1.859","$2.059","$2.259","","$2.359","$2.799","6"," "
"284","Pilot Travel Center","Monroe","MI","I-75, Exit 18","$1.799","$1.999","$2.199","","$2.339","$2.799","8","B5"
"24","Pilot Travel Center","Monroe","MI","I-75, Exit 15","$1.799","$1.999","$2.199","","$2.339","$2.799","6","B5"
"26","Pilot Travel Center","Ottawa Lake","MI","US 23, Exit 5","$1.799","$1.999","$2.199","","$2.399","$2.799","11","B5"
"668","Flying J Travel Plaza","Saginaw","MI","I-75 & Washington St. Exit 151","$1.879","$2.079","$2.279","$2.999","$2.139","$2.799","5","B5"
"596","Pilot Travel Center","Smiths Creek","MI","I-69, Exit 196","$1.859","$2.059","$2.259","","$2.359","$2.799","8","B5"
"895","Flying J Travel Plaza","Woodhaven","MI","I-75, Exit 32A","$1.839","$2.039","$2.239","","$2.339","$2.799","7",""
"590","Pilot Travel Center","Alexandria","MN","I-94, Exit 100","$1.899","$2.099","$2.299","","$2.359","$2.899","6","B5"
"581","Pilot Travel Center","Inver Grove Heights","MN","Hwy 52/55","$1.859","$2.059","$2.259","","$2.399","$2.899","5","B5"
"576","Flying J Travel Plaza","Northfield","MN","I-35, Exit 69","$1.899","$2.099","$2.299","","$2.299","$2.799","7","B5"
"134","Pilot Travel Center","St. Cloud","MN","I-94, Exit 171 (CR 75)","$1.959","$2.159","$2.359","","$2.299","$2.899","7","B5"
"44","Pilot Travel Center","Boonville","MO","I-70, Exit 101","$1.699","$1.899","$2.099","","$1.939","$2.799","10"," "
"571","Flying J Travel Plaza","Charleston","MO","I-57, Exit 12","$1.799","$1.999","$2.199","","$2.199","$2.799","9"," "
"385","Pilot Travel Center","Collins","MO","US 54 & Hwy 13 South","$1.659","$1.859","$2.059","","$2.099","$2.799","8","B10"
"533","Pilot Travel Center - Road Ranger","Fenton","MO","I-44, Exit 275","","","","","$2.199","$2.799","6"," "
"715","Mr. Fuel","Foristell","MO","I-70, Exit 203","$1.879","$2.079","$2.279","","$1.919","$2.599","7",""
"442","Pilot Travel Center","Hayti","MO","I-55, Exit 19","$1.799","$1.999","$2.199","","$2.199","$2.799","9"," "
"443","Pilot Travel Center","Higginsville","MO","I-70, Exit 49","$1.659","$1.859","$2.059","","$1.999","$2.799","9"," "
"317","Pilot Travel Center","Joplin","MO","I-44 & MO 43S, Exit 4","$1.649","$1.849","$2.049","","$2.059","$2.799","6","B10"
"669","Flying J Travel Plaza","Joplin","MO","I-44 U.S. 71 Exit 11A","$1.649","$1.849","$2.049","$2.699","$2.059","$2.799","13","B10"
"768","Flying J Travel Plaza","Kansas City","MO","I-435 Front Street","$1.699","$1.899","$2.099","$3.099","$2.039","$2.799","7","B10"
"252","Pilot Travel Center","Kearney","MO","I-35, Exit 26","$1.679","$1.879","$2.079","","$2.039","$2.799","9"," "
"301","Pilot Travel Center","Marston","MO","I-55, Exit 40","$1.799","$1.999","$2.199","","$2.199","$2.799","7"," "
"671","Flying J Travel Plaza","Matthews","MO","I-55 Exit 58","$1.799","$1.999","$2.199","$2.799","$2.199","$2.799","12"," "
"167","Pilot Travel Center","Nevada","MO","I-49/US 71, Exit 101","$1.689","$1.889","$2.089","","$2.099","$2.799","9","B10"
"208","Pilot Travel Center","Pacific","MO","I-44, Exit 257 (West), Exit 256 (East)","$1.859","$2.059","$2.259","","$2.199","$2.799","9","B12"
"672","Flying J Travel Plaza","Peculiar","MO","US Hwy 71 Exit J","$1.699","$1.899","$2.099","$3.299","$2.099","$2.799","8","B10"
"718","Mr. Fuel","Pevely","MO","I-55, Exit 180","$1.859","$2.059","$2.259","","$1.919","$2.499","5",""
"547","Pilot Travel Center - Road Ranger","St. Robert","MO","I-44, Exit 163","","","","","$2.199","$2.799","8","B5"
"673","Flying J Travel Plaza","Sullivan","MO","I-44/Hwy. 185 Exit 226","$1.839","$2.039","$2.239","$2.999","$2.199","$2.799","12","B10"
"717","Mr. Fuel","Villa Ridge","MO","I-44, Exit 251","$1.839","$2.039","$2.239","","$2.189","$2.599","7",""
"674","Flying J Travel Plaza","Warrenton","MO","I-70 Exit 188","$1.879","$2.079","$2.279","$2.999","$1.939","$2.799","12","B10"
"675","Flying J Travel Plaza","Wayland","MO","Hwy 136 & Hwy 61","$1.799","$1.999","$2.199","$3.099","$2.299","$2.799","5"," "
"676","Flying J Travel Plaza","Gulfport","MS","I-10 Exit 31","$1.629","$1.829","$2.029","$2.999","$2.199","$2.799","12","B5"
"77","Pilot Travel Center","Jackson","MS","I-55/20, Exit 45","$1.699","$1.899","$2.099","","$2.259","$2.799","10",""
"388","Pilot Travel Center","Meridian","MS","I-59, Exit 151","$1.699","$1.899","$2.099","","$2.259","$2.799","8"," "
"586","Pilot Travel Center","Moss Point","MS","I-10, Exit 69","$1.669","$1.869","$2.069","$2.999","$2.199","$2.799","10","B5"
"174","Pilot Travel Center","New Albany","MS","US 78, Exit 64","$1.659","$1.859","$2.059","","$2.199","$2.799","7"," "
"677","Flying J Travel Plaza","Olive Branch","MS","HWY 78 and Bethel Road","$1.699","$1.899","$2.099","$2.999","$2.199","$2.799","7"," "
"678","Flying J Travel Plaza","Pearl","MS","I-20/I-55 Exit 47","$1.699","$1.899","$2.099","$3.099","$2.259","$2.799","12",""
"519","Pilot Travel Center","Senatobia","MS","I-55, Exit 265","","","","","$2.259","$2.799",""," "
"261","Pilot Travel Center","Winona","MS","I-55 & Hwy 82","$1.799","$1.999","$2.199","","$2.259","$2.799","7"," "
"968","Flying J Travel Plaza","Belgrade","MT","I-90 Exit 298","$2.109","$2.309","$2.469","$3.609","$2.299","$2.799","",""
"1013","Pilot Travel Center - Town Pump","Belgrade","MT","I-90, Exit 298","$2.149","$2.34","$2.499","$2.799","$2.289","$2.799","8",""
"923","Flying J Travel Plaza - Town Pump","Billings","MT","I-90 Exit 455","$2.149","$2.239","$2.499","$2.799","$2.289","$2.799","9",""
"915","Pilot Travel Center - Town Pump","Billings","MT","I-90, Exit 455","$2.149","$2.239","$2.499","","$2.289","$2.799","10",""
"924","Flying J Travel Plaza - Town Pump","Butte","MT","I-15 Exit 122 & I-90 MM220","$2.129","$2.329","$2.479","$2.799","$2.289","$2.799","8",""
"922","Pilot Travel Center - Town Pump","Columbia Falls","MT","US 2 & Hwy 40","$2.159","$2.359","$2.509","","$2.329","$2.799","1",""
"906","Pilot Travel Center - Town Pump","Columbus","MT","I-90, Exit 408","$2.149","$2.349","$2.749","","$2.289","$2.799","4",""
"917","Pilot Travel Center - Town Pump","Great Falls","MT","I-15, Exit 277 31st Street","$2.129","$2.329","$2.479","","$2.289","$2.799","6",""
"925","Flying J Travel Plaza - Town Pump","Great Falls","MT","I-15 & 31st Street, Exit 277","$2.119","$2.319","$2.719","$2.799","$2.289","$2.799","5",""
"964","Flying J Travel Plaza","Hardin","MT","I-90 Exit 495","$2.209","$2.409","$2.599","$3.609","$2.299","$2.799","",""
"916","Pilot Travel Center - Town Pump","Lolo","MT","US 12 & US 93","$2.149","$2.349","$2.499","","$2.289","$2.799","1",""
"907","Pilot Travel Center - Town Pump","Miles City","MT","I-94, Exit 138","$2.169","$2.369","$2.519","","$2.299","$2.799","7",""
"905","Pilot Travel Center - Town Pump","Milltown","MT","I-90, Exit 109","$2.149","$2.349","$2.499","","$2.289","$2.799","9",""
"914","Pilot Travel Center - Bosselman","Missoula","MT","I-90, Exit 96","$2.139","$2.339","$2.489","$2.799","$2.289","$2.799","9",""
"908","Pilot Travel Center - Town Pump","Rocker","MT","I-90, Exit 122","$2.139","$2.339","$2.489","$2.799","$2.289","$2.799","9",""
"909","Pilot Travel Center - Town Pump","Shelby","MT","I-15, Exit 363","$2.169","$2.369","$2.519","","$2.289","$2.799","10",""
"1015","Flying J Travel Plaza - Town Pump","Sidney","MT","Hwy 200","$2.169","$2.369","$2.519","","$2.299","$2.799","8",""
"911","Pilot Travel Center - Town Pump","Superior","MT","I-90, Exit 47","$2.149","$2.349","$2.749","","$2.269","$2.799","3",""
"910","Pilot Travel Center - Town Pump","Three Forks","MT","I-90 & US 287","$2.139","$2.339","$2.489","","$2.289","$2.799","7",""
"275","Pilot Travel Center","Charlotte","NC","I-85/77, Exit 39","$1.919","$2.119","$2.319","","$2.459","$2.799","7",""
"885","Pilot Travel Center","Dunn","NC","I-95, Exit 71","","","","","$2.259","$2.799","",""
"900","Pilot Travel Center","Dunn","NC","I-95, Exit 75","","","","","$2.259","$2.799","12",""
"682","Flying J Travel Plaza","Graham","NC","I-85 & I-40 Exit 150","$1.859","$2.059","$2.259","$2.899","$2.199","$2.799","12",""
"56","Pilot Travel Center","Kannapolis","NC","I-85, Exit 63","$1.899","$2.099","$2.299","","$2.169","$2.799","7",""
"683","Flying J Travel Plaza","Kenly","NC","I-95 & Exit 106","$1.899","$2.099","$2.299","$2.799","$2.259","$2.799","8",""
"57","Pilot Travel Center","Mebane","NC","I-40/85, Exit 152","$1.859","$2.059","$2.259","","$2.199","$2.799","10",""
"549","Flying J Travel Plaza","Mount Airy","NC","I-77, Exit 100","","","","","$2.499","$2.799","10",""
"58","Pilot Travel Center","Pleasant Hill","NC","I-95, Exit 180","$1.869","$2.069","$2.269","","$2.299","$2.799","6","B5"
"393","Pilot Travel Center","Waynesville","NC","I-40 & NC 209, Exit 24","$1.939","$2.139","$2.339","","$2.359","$2.799","6","B5"
"684","Flying J Travel Plaza","Beach","ND","I-94 & Hwy 16","$2.139","$2.339","$2.539","$2.499","$2.279","$2.799","5",""
"685","Flying J Travel Plaza","Fargo","ND","I-29 Exit 62","$1.799","$1.999","$2.199","$3.099","$2.299","$2.799","9"," "
"489","Flying J Travel Plaza","Grand Forks","ND","I-29, Exit 138","$1.959","$2.159","$2.359","$3.099","$2.299","$2.799","7"," "
"511","Flying J Travel Plaza","Mandan","ND","I-94, Exit 147","","","","","$2.279","$2.799","",""
"550","Flying J Travel Plaza","Minot","ND","Hwy 2 & 52, Exit 83","$1.999","$2.199","$2.399","$2.799","$2.299","$2.799","7",""
"589","Pilot Travel Center","Williston","ND","NE Side Hwy 2 @ 85 and Hwy 2","$2.099","$2.299","$2.499","$2.799","$2.359","$2.799","8",""
"904","Flying J Travel Plaza","Big Springs","NE","I-80, Exit 107","$1.999","$2.199","$2.399","$3.299","$2.259","$2.799","10",""
"901","Pilot Travel Center","Elm Creek","NE","I-80 & US 183, Exit 257","$1.839","$2.039","","","$2.259","$2.799","6"," "
"902","Pilot Travel Center - Bosselman","Grand Island","NE","I-80 & US 281, Exit 312","$1.859","$2.159","$2.459","$3.299","$2.259","$2.799","15",""
"686","Flying J Travel Plaza","Gretna","NE","I-80 Exit 432","$1.859","$2.059","$2.259","$2.999","$2.259","$2.799","11","B5"
"687","Flying J Travel Plaza","North Platte","NE","I-80 Exit 179","$1.959","$2.159","$2.359","$3.299","$2.259","$2.799","10","B10"
"912","Pilot Travel Center","Wood River","NE","I-80, Exit 300","$1.799","$1.999","","","$2.259","$2.799","7"," "
"896","Pilot Travel Center","Bow","NH","I-93, EXIT 11/12C","","","","","$2.499","","",""
"280","Pilot Travel Center","Bloomsbury","NJ","I-78 & NJ 173, Exit 7","$1.899","$2.119","$2.339","","$2.559","$2.899","7",""
"253","Pilot Travel Center","Carneys Point","NJ","I-295, Exit 2B NJT","$1.799","$2.019","$2.239","","$2.259","$2.799","7",""
"688","Flying J Travel Plaza","Carneys Point","NJ","I-295 Exit 2C","$1.799","$2.019","$2.239","$2.799","$2.259","$2.799","12",""
"190","Pilot Travel Center","Hampton","NJ","I-78, Exit 12 Westbound","$1.899","$2.119","$2.339","","$2.559","","",""
"210","Pilot Travel Center","Mahwah","NJ","230 Route 17 South","$1.859","$2.079","$2.299","","$2.499","$2.999","6",""
"880","Pilot Travel Center","Montague","NJ","I-84, Exit 1","","","","","$2.299","$2.899","",""
"891","Pilot Travel Center","Roxbury","NJ","I-80 Exit 27B/Exit 27 A&B","","","","","$2.399","","",""
"689","Flying J Travel Plaza","Albuquerque","NM","I-40 Exit 153","$1.739","$1.939","$2.139","","$2.399","$2.799","12"," "
"8601","Pilot Thomas Cardlock","Artesia","NM","Hwy 285 & Hwy 82","$1.899","","","","$2.559","","",""
"490","Pilot Fuel Center","Carlsbad","NM","Hwy 285","$1.839","","","","$2.459","$2.899","7",""
"8605","Pilot Thomas Cardlock","Eunice","NM","","$1.959","","","","$2.559","","",""
"8604","Pilot Thomas Cardlock","Hobbs","NM","W Broadway Street & W Broadway Pl","$1.859","","","","$2.559","","",""
"8658","Pilot Thomas Cardlock","Hobbs","NM","Hwy 18 & NW Country Road","$1.859","","","","$2.559","","",""
"557","Pilot Travel Center","Hobbs","NM","Hwy 180/62","$1.769","$1.969","$2.169","","$2.459","$2.899","6",""
"305","Pilot Travel Center","Jamestown","NM","I-40, Exit 39","$1.899","$2.099","$2.299","","$2.399","$2.799","11",""
"266","Pilot Travel Center","Las Cruces","NM","I-10 & NM 292, Exit 139","$1.779","$1.979","$2.179","","$2.399","$2.799","6",""
"163","Pilot Travel Center","Lordsburg","NM","I-10, Exit 24","$1.859","$2.059","$2.259","","$2.439","$2.799","8",""
"690","Flying J Travel Plaza","Lordsburg","NM","I-10 Exit 24","$1.859","$2.059","$2.259","$2.899","$2.439","$2.799","12",""
"475","Pilot Travel Center","Moriarty","NM","Hwy 41 and I-40","$1.739","$1.939","$2.139","","$2.399","$2.799","9"," "
"691","Flying J Travel Plaza","Tucumcari","NM","I-40 & Exit 333","$1.899","$2.099","$2.299","$2.499","$2.399","$2.799","8","B5"
"966","Flying J Travel Plaza","Battle Mountain","NV","I-80 Exit 231","$2.499","$2.569","$2.729","$3.899","$2.559","$2.899","",""
"387","Pilot Travel Center","Carlin","NV","I-80 & NV 278, Exit 280","$2.459","$2.659","$2.859","","$2.559","$2.799","5",""
"340","Pilot Travel Center","Fernley","NV","I-80 & US 95, Exit 46","$2.039","$2.239","$2.439","","$2.559","$2.799","8",""
"1005","Flying J Travel Plaza","Fernley","NV","I-80, Exit 48","$2.039","$2.239","$2.439","$3.199","$2.559","$2.799","8",""
"341","Pilot Travel Center","North Las Vegas","NV","I-15, Exit 48","$2.299","$2.499","$2.699","","$2.559","$2.799","7","B20"
"513","Flying J Travel Plaza","Primm","NV","I-15, Exit 1","","","","","$2.599","$2.799","10","B20"
"692","Flying J Travel Plaza","Wells","NV","I-80 & HWY 93, Exit 352 (South)","$2.259","$2.459","$2.659","$2.999","$2.559","$2.799","10",""
"147","Pilot Travel Center","West Wendover","NV","I-80 Peppermill Casino","$2.159","$2.359","$2.559","$2.799","$2.559","$2.799","7",""
"770","Flying J Travel Plaza","Winnemucca","NV","I-80 Exit 176","$2.179","$2.379","$2.579","$2.799","$2.559","$2.799","10",""
"485","Pilot Travel Center","Winnemucca","NV","I-80 & W. Interchange","$2.179","$2.379","$2.579","","$2.559","$2.799","7",""
"322","Pilot Travel Center","Bath","NY","I-86, Exit 37","$2.259","$2.459","$2.659","","$2.759","$2.899","7",""
"146","Pilot Travel Center","Castleton - On - Hudson","NY","I-90, Exit 12","$2.159","$2.359","$2.559","","$2.759","$2.899","7",""
"380","Pilot Travel Center","Liverpool","NY","I-81/90, Exit 25","$2.099","$2.299","$2.499","","$2.759","$2.899","8",""
"394","Pilot Travel Center","Newburgh","NY","I-84, Exit 6","$2.159","$2.359","$2.559","","$2.759","$2.899","11",""
"693","Flying J Travel Plaza","Pembroke","NY","I-90 Exit 48A","$2.099","$2.299","$2.499","$2.999","$2.759","$2.899","8",""
"494","Pilot Travel Center","Rotterdam","NY","I-88. Exit 25","$2.139","$2.339","$2.539","","$2.759","$2.899","5",""
"694","Flying J Travel Plaza","Austinburg","OH","I-90 & State Rd 45, Exit 223","$1.759","$1.959","$2.159","$2.999","$2.459","$2.799","12",""
"2","Pilot Travel Center","Austinburg","OH","I-90, Exit 223","$1.759","$1.959","$2.159","","$2.459","$2.799","8",""
"3","Pilot Travel Center","Austintown","OH","I-80, Exit 223","$1.739","$1.939","$2.139","","$2.359","$2.799","13",""
"4","Pilot Travel Center","Avon","OH","I-90, Exit 151","$1.799","$1.999","$2.199","","$2.459","$2.799","6",""
"457","Pilot Travel Center","Beaver Dam","OH","I-75, Exit 135","$1.859","$2.059","$2.259","","$2.459","$2.799","9"," "
"695","Flying J Travel Plaza","Beaverdam","OH","I-75 Exit 135","$1.859","$2.059","$2.259","$2.499","$2.459","$2.799","12"," "
"449","Pilot Travel Center","Belmont","OH","I-70, Exit 208","$1.759","$1.959","$2.159","","$2.459","$2.799","8",""
"696","Flying J Travel Plaza","Berkshire","OH","I-71 Exit 131","$1.859","$2.059","$2.259","$2.999","$2.459","$2.799","12",""
"287","Pilot Travel Center","Burbank","OH","I-71 & OH 83, Exit 204","$1.859","$2.059","$2.259","","$2.459","$2.799","8",""
"309","Pilot Travel Center","Caldwell","OH","I-77, Exit 25","$1.879","$2.079","$2.279","","$2.459","$2.799","5",""
"6","Pilot Travel Center","Cambridge","OH","I-70, Exit 178","$1.789","$1.989","$2.189","","$2.459","$2.799","5",""
"469","Pilot Travel Center","Canton","OH","I-77, Exit 101","$1.879","$2.079","$2.279","","$2.459","$2.799","8",""
"597","Pilot Travel Center","Chillicothe","OH","Hwy 50","$1.839","$2.039","$2.239","","$2.179","$2.799","7",""
"8","Pilot Travel Center","Circleville","OH","US 23 Pittsburg Rd","$1.859","$2.059","$2.259","","$2.179","$2.799","5",""
"213","Pilot Travel Center","Columbus","OH","I-70, Exit 94 Wilson Rd","$1.879","$2.079","$2.279","","$2.459","$2.799","8",""
"286","Pilot Travel Center","Eaton","OH","I-70 & OH 127, Exit 10","$1.859","$2.059","$2.259","","$2.459","$2.799","7",""
"360","Pilot Travel Center","Findlay","OH","I-75 & OH 613, Exit 164","$1.899","$2.099","$2.299","","$2.459","$2.799","7"," "
"9","Pilot Travel Center","Franklin","OH","I-75, Exit 36","$1.839","$2.039","$2.239","","$2.459","$2.799","11",""
"281","Pilot Travel Center","Girard","OH","I-80, Exit 226","$1.699","$1.899","$2.099","","$2.359","$2.799","9",""
"732","Mr. Fuel","Girard","OH","I-80, Exit 226","$1.699","$1.899","$2.099","","$2.349","$2.699","14",""
"285","Pilot Travel Center","Hebron","OH","I-70 & OH 37, Exit 126","$1.879","$2.079","$2.279","","$2.459","$2.799","9",""
"697","Flying J Travel Plaza","Hubbard","OH","I-80 & Hwy 62, Exit 234B (Eastbound)","$1.699","$1.899","$2.099","$2.999","$2.359","$2.799","12",""
"698","Flying J Travel Plaza","Jeffersonville","OH","I-71 Exit 69","$1.879","$2.079","$2.279","$3.099","$2.459","$2.799","8",""
"700","Flying J Travel Plaza","Lake Township","OH","I-280 Exit 1B","$1.619","$1.819","$2.019","$2.999","$2.459","$2.799","12"," "
"454","Pilot Travel Center","London","OH","I-70, Exit 79","$1.879","$2.079","$2.279","","$2.459","$2.799","9",""
"455","Pilot Travel Center","Marengo","OH","I-71, Exit 140","$1.859","$2.059","$2.259","","$2.459","$2.799","7",""
"699","Flying J Travel Plaza","Millersport","OH","I-70 St Rd 158 Exit 122","$1.879","$2.079","$2.279","$2.999","$2.459","$2.799","12",""
"303","Pilot Travel Center","Napoleon","OH","Route 24","$1.819","$2.019","$2.219","","$2.139","$2.799","7","B5"
"11","Pilot Travel Center","North Lima","OH","I-76, Exit 232","$1.799","$1.999","$2.199","","$2.399","$2.799","6",""
"12","Pilot Travel Center","Perrysburg","OH","I-80/90, Exit 71","$1.619","$1.819","$2.019","","$2.459","$2.799","8","B5"
"130","Pilot Travel Center","Richfield","OH","I-77, Exit 146 / I-80, Exit 173","$1.899","$2.099","$2.299","","$2.459","$2.799","7",""
"13","Pilot Travel Center","Seville","OH","I-71, Exit 209","$1.859","$2.059","$2.259","","$2.459","$2.799","12",""
"14","Pilot Travel Center","Sunbury","OH","I-71, Exit 131","$1.859","$2.059","$2.259","","$2.459","$2.799","7",""
"15","Pilot Travel Center","Toledo","OH","I-75, Exit 210","$1.659","$1.859","$2.059","","$2.459","$2.799","10","B5"
"239","Pilot Travel Center","Upper Sandusky","OH","State Hwy 23 & 30","$1.879","$2.079","$2.279","","$2.499","$2.799","7","B5"
"97","Flying J Travel Plaza","Vandalia","OH","I-75, Exit 64","$1.859","$2.059","$2.259","$3.099","$2.459","$2.799","8",""
"16","Pilot Travel Center","Wilmington","OH","I-71, Exit 50","$1.879","","$2.279","","$2.459","$2.799","6",""
"701","Flying J Travel Plaza","Ardmore","OK","I-35 & Exit 33","$1.759","$1.959","$2.159","$2.899","$2.259","$2.799","8",""
"498","Pilot Travel Center","Atoka","OK","US 69 & Redbud Lane","$1.659","$1.859","$2.059","","$2.259","$2.799","",""
"702","Flying J Travel Plaza","Checotah","OK","US Hwy 69 & US Hwy 266","$1.699","$1.899","$2.099","$3.099","$2.259","$2.799","8"," "
"556","Pilot Travel Center","Choctaw","OK","I-40, Exit 166","","","","","$2.259","$2.799","5","B5"
"704","Flying J Travel Plaza","Edmond","OK","I-35 & N.E. 122nd Street","$1.639","$1.839","$2.039","$2.999","$1.959","$2.799","8","B5"
"506","Pilot Travel Center","Enid","OK","US Hwy 412 & 42nd Street","","","","","$1.999","$2.799","4","B5"
"259","Pilot Travel Center","Muskogee","OK","US 69 & US 51","$1.739","$1.939","$2.139","","$1.959","$2.899","9",""
"460","Pilot Travel Center","Oklahoma City","OK","I-40, Exit 140","$1.659","$1.859","$2.059","","$2.259","$2.799","10","B5"
"703","Flying J Travel Plaza","Oklahoma City","OK","I-40 Exit 140","$1.659","$1.859","$2.059","$3.099","$2.259","$2.799","12","B5"
"196","Pilot Travel Center","Roland","OK","I-40, Exit 325","$1.659","$1.859","$2.059","","$2.259","$2.799","8"," "
"705","Flying J Travel Plaza","Sayre","OK","I-40 & US 283 Exit 20","$1.799","$1.999","$2.199","$2.999","$2.259","$2.799","8","B5"
"1004","Pilot Travel Center","Tonkawa","OK","I-35, Exit 214","$1.699","$1.899","$2.099","","$1.959","$2.799","8","B5"
"706","Flying J Travel Plaza","Tulsa","OK","I-44 & Exit 236","$1.759","$1.959","$2.159","$3.299","$1.999","$2.799","8",""
"584","Flying J Travel Plaza","Aurora","OR","I-5, Exit 278","$2.099","$2.299","$2.499","$2.899","$2.139","$2.999","9","B5"
"386","Pilot Travel Center","Brooks","OR","I-5, Exit 263","$2.079","$2.279","$2.479","","$2.139","$2.999","8","B5"
"391","Pilot Travel Center","Central Point","OR","I-5, Exit 33","$2.159","$2.359","$2.559","$2.799","$2.139","$2.999","9","B5"
"133","Pilot Travel Center","Chemult","OR","109450 Hwy 97","$2.499","$2.699","$2.899","","$2.099","$2.999","6","B5"
"504","Pilot Travel Center","Klamath Falls","OR","Highway 97","$2.159","$2.359","$2.559","$2.899","$2.099","$2.999","5","B5"
"934","Flying J Franchise","LaGrande","OR","I-84 Exit 265","$2.199","$2.319","$2.439","","$2.059","","",""
"233","Pilot Travel Center","Oakland","OR","I-5, Exit 148","$2.159","$2.359","$2.559","","$2.099","$2.999","9","B5"
"232","Pilot Travel Center","Ontario","OR","I-84, Exit 376A","$2.159","$2.359","$2.559","","$2.099","$2.799","8","B5"
"390","Pilot Travel Center","Stanfield","OR","I-84/82,  Exit 188","$2.039","$2.239","$2.439","$2.399","$2.039","$2.999","7","B5"
"195","Pilot Travel Center","Wasco","OR","I-84 & US 97","$2.259","$2.459","$2.659","","$2.039","$2.999","6","B5"
"348","Pilot Travel Center","Bentleyville","PA","I-70, Exit 32B","$2.159","$2.359","$2.559","","$2.799","$2.899","8","B2"
"516","Pilot Travel Center","Breezewood","PA","I-70, Exit 147; I-76, Exit 161","","","","","$2.599","","","B2"
"707","Flying J Travel Plaza","Brookville","PA","I-80 Exit 78","$2.199","$2.399","$2.599","$3.099","$2.599","$2.799","12","B2"
"708","Flying J Travel Plaza","Carlisle","PA","I-81 Exit 52/I-76 & Exit 226","$2.079","$2.279","$2.479","$3.099","$2.549","$2.799","13","B2"
"298","Pilot Travel Center","Drums","PA","I-80/81/PA 93, Exit 256","$2.239","$2.439","$2.639","","$2.549","$2.799","6","B2"
"336","Pilot Travel Center","DuBois","PA","I-80 & Hwy 219, Exit 97","$2.259","$2.459","$2.659","","$2.599","$2.799","8","B2"
"517","Pilot Travel Center","Duncannon","PA","US 22 & 322","$2.159","$2.359","$2.559","","$2.579","$2.799","7","B2"
"311","Pilot Travel Center","Erie","PA","I-90 & PA 97, Exit 27","$1.979","$2.179","$2.379","","$2.699","$2.799","7","B2"
"518","Flying J Travel Plaza","Frystown","PA","I-78, Exit 10 (PA 645)","$2.159","$2.359","$2.559","","$2.549","$2.799","11","B2"
"245","Pilot Travel Center","Harrisburg","PA","I-81 & PA 39, Exit 77","$2.139","$2.339","$2.539","","$2.549","$2.799","6","B2"
"1","Pilot Travel Center","Mill Hall","PA","I-80, Exit 173","$2.099","$2.299","$2.499","","$2.549","$2.799","8","B2"
"709","Flying J Travel Plaza","Mill Hall","PA","I-80 and Exit 173","$2.099","$2.299","$2.499","$2.699","$2.549","$2.799","12","B2"
"555","Flying J Travel Plaza","Milton","PA","I-80, Exit 215","","","","","$2.549","$2.799","16","B2"
"710","Flying J Travel Plaza","New Milford","PA","I-81 Exit 219","$2.199","$2.399","$2.599","$2.199","$2.559","$2.899","8","B2"
"522","Pilot Travel Center","Pine Grove","PA","I-81, Exit 100","","","","","$2.549","","","B2"
"871","Pilot Travel Center","Pine Grove","PA","I-81, Exit 100/PA443","","","","","$2.549","$2.799","5","B2"
"370","Pilot Travel Center","Pittston","PA","I-81N, Exit 175","$2.199","$2.399","$2.599","","$2.559","$2.899","8","B2"
"81","Pilot Travel Center","Portersville","PA","I-79, Exit 99","$2.159","$2.359","$2.559","","$2.859","$2.799","8","B2"
"620","Flying J Travel Plaza","Smithton","PA","I-70, Exit 49","$2.159","$2.359","$2.559","$3.199","$2.799","$2.899","7","B2"
"711","Flying J Travel Plaza","Blacksburg","SC","I-85 Exit 102","$1.679","$1.879","$2.079","$3.099","$1.989","$2.799","12","B5"
"60","Pilot Travel Center","Bowman","SC","I-26, Exit 159","$1.759","$1.959","$2.159","$2.999","$2.159","$2.799","11","B5"
"884","Pilot Travel Center","Campobello","SC","I-26, Exit 5","","","","","$2.099","$2.799","1","B5"
"338","Pilot Travel Center","Cayce","SC","I-26/77, Exit 115","$1.679","$1.879","$2.079","","$2.159","$2.799","7","B5"
"61","Pilot Travel Center","Clinton","SC","I-26, Exit 52","$1.739","$1.939","$2.139","","$2.099","$2.799","6","B5"
"712","Flying J Travel Plaza","Columbia","SC","I-20 Exit 70","$1.679","$1.879","$2.079","$3.099","$1.999","$2.799","10","B5"
"310","Pilot Travel Center","Duncan","SC","I-85 & SC 290, Exit 63","$1.689","$1.889","$2.089","","$1.999","$2.799","6","B5"
"337","Pilot Travel Center","Florence","SC","I-95 & US 52, Exit 164","$1.699","$1.899","$2.099","","$2.159","$2.799","7","B5"
"62","Pilot Travel Center","Florence","SC","I-95, Exit 170","$1.699","$1.899","$2.099","$2.899","$2.159","$2.799","8","B5"
"453","Pilot Travel Center","Gaffney","SC","I-85, Exit 90","$1.679","$1.879","$2.079","","$1.989","$2.799","9","B5"
"713","Flying J Travel Plaza","Latta","SC","I-95 Exit 181A","$1.699","$1.899","$2.099","$3.099","$2.159","$2.799","12","B5"
"346","Pilot Travel Center","Lugoff","SC","I-20 & US 601, Exit 92","$1.739","$1.939","$2.139","","$1.999","$2.799","6","B5"
"63","Pilot Travel Center","Piedmont","SC","I-85, Exit 35","$1.699","$1.899","$2.099","","$1.999","$2.799","9","B5"
"714","Flying J Travel Plaza","Rock Hill","SC","I-77 & Hwy 901, Exit 73","$1.639","$1.839","$2.039","$2.199","$2.099","$2.799","8","B5"
"493","Flying J Travel Plaza","St. George","SC","I-95, Exit 77","$1.699","$1.899","$2.099","$2.899","$2.139","$2.799","8","B5"
"64","Pilot Travel Center","Summerville","SC","I-26, Exit 199","$1.739","$1.939","$2.139","","$2.199","$2.799","5","B5"
"932","Flying J Franchise","Hermosa","SD","25 Heartland Express Hwy 79","$2.259","$2.059","$2.859","","$1.999","$2.69","4",""
"599","Pilot Travel Center","Murdo","SD","I-90, Exit 192","$2.159","$2.359","$2.559","$3.199","$2.299","$2.799","8",""
"931","Flying J Franchise","Rapid City","SD","I-90 Exit 61","$2.359","$2.159","$2.959","$2.999","$1.959","$2.699","8",""
"918","Pilot Travel Center","Rapid City","SD","I-90, Exit 55","$2.159","$2.359","$2.559","$2.999","$2.059","$2.799","7",""
"716","Flying J Travel Plaza","Sioux Falls","SD","I-29 Exit 83","$1.759","$1.959","$2.159","$3.099","$2.359","$2.799","8"," "
"265","Pilot Travel Center","Cookeville","TN","I-40, Exit 287","$1.739","$1.939","$2.139","","$1.999","$2.799","3","B5"
"406","Pilot Travel Center","Cornersville","TN","I-65, Exit 22","$1.859","$2.059","$2.259","","$2.199","$2.799","5"," "
"114","Pilot Travel Center","Crossville","TN","I-40, Exit 320","$1.739","$1.939","$2.139","","$1.999","$2.799","8","B5"
"226","Pilot Travel Center","Dandridge","TN","I-40, Exit 417","$1.679","$1.879","$2.079","","$2.099","$2.799","8","B5"
"409","Pilot Travel Center","Dickson","TN","I-40, Exit 172","$1.799","$1.999","$2.199","","$1.999","$2.799","10","B5"
"720","Flying J Travel Plaza","Fairview","TN","I-40 & Hwy 96, Exit 182","$1.799","$1.999","$2.199","$3.099","$1.999","$2.799","8","B5"
"51","Pilot Travel Center","Greeneville","TN","I-81, Exit 36","$1.749","$1.949","$2.149","","$2.159","$2.799","5","B5"
"403","Pilot Travel Center","Heiskell","TN","I-75, Exit 117","$1.799","","$2.199","","$2.259","$2.799","6","B5"
"53","Pilot Travel Center","Hurricane Mills","TN","I-40, Exit 143","$1.859","$2.059","$2.259","","$1.999","$2.799","11","B5"
"366","Pilot Travel Center","Jackson","TN","I-40, Exit 85","$1.799","$1.999","$2.199","","$1.999","$2.799","8"," "
"270","Pilot Travel Center","Knoxville","TN","I-40/75, Exit 374","$1.699","$1.899","$2.099","","$2.099","$2.799","8","B5"
"219","Pilot Travel Center","Knoxville","TN","I-40, Exit 398","$1.649","$1.849","$2.049","","$2.099","$2.799","9"," "
"722","Flying J Travel Plaza","Knoxville","TN","I-40 & I-75 Exit 369","$1.699","$1.899","$2.099","$2.999","$2.099","$2.799","12"," "
"52","Pilot Travel Center","Lavergne","TN","I-24, Exit 64","$1.729","$1.929","$2.129","","$1.999","$2.799","8","B5"
"411","Pilot Travel Center","Lebanon","TN","I-40, Exit 238","$1.689","$1.889","$2.089","","$1.999","$2.799","8","B5"
"481","Pilot Travel Center","McDonald","TN","I-75, Exit 20","$1.699","$1.899","$2.099","","$1.999","$2.799","8","B5"
"405","Pilot Travel Center","Memphis","TN","US 78 & TN 175","$1.699","$1.899","$2.099","","$2.199","$2.799","7"," "
"363","Pilot Travel Center","Memphis","TN","US 78 Pleasant Hill","$1.699","$1.899","$2.099","","$2.199","$2.799","6"," "
"404","Pilot Travel Center","Murfreesboro","TN","I-24, Exit 81","$1.679","$1.879","$2.079","","$1.999","$2.799","8","B5"
"413","Pilot Travel Center","Nashville","TN","Hwy 155, Exit 26","$1.959","$2.159","$2.359","","$1.999","$2.799","4","B5"
"224","Pilot Travel Center","Pioneer","TN","I-75, Exit 141","$1.759","$1.959","$2.159","","$2.259","$2.799","6","B5"
"149","Pilot Travel Center","Stanton","TN","I-40, Exit 42","$1.899","$2.099","$2.299","","$2.099","$2.799","7"," "
"412","Pilot Travel Center","White Pine","TN","I-81, Exit 4","$1.759","$1.959","$2.159","","$2.099","$2.799","9","B5"
"436","Pilot Travel Center","Amarillo","TX","I-40, Exit 75","$1.699","$1.899","$2.099","","$2.359","$2.799","11","B5"
"723","Flying J Travel Plaza","Amarillo","TX","I-40 Exit 76","$1.699","$1.899","$2.099","$3.199","$2.359","$2.799","10","B5"
"8616","Pilot Thomas Cardlock","Andrews","TX","State Hwy 115 & SW Mustang Drive","$1.959","","","","$2.399","","","B5"
"477","Flying J Travel Plaza","Anna","TX","Hwy 75, Exit 48","$1.739","$1.939","$2.139","","$1.959","$2.799","8","B10"
"724","Flying J Travel Plaza","Anthony","TX","I-10 Exit 0","$1.739","$1.939","$2.139","$2.999","$2.359","$2.799","12","B10"
"435","Pilot Travel Center","Anthony","TX","I-10, Exit 0","$1.739","$1.939","$2.139","","$2.359","$2.799","8","B10"
"725","Flying J Travel Plaza","Baytown","TX","I-10 & Exit 789 Thompson Road","$1.689","$1.889","$2.089","$2.799","$2.299","$2.799","12","B20"
"472","Pilot Travel Center","Beasley","TX","Highway 59","$1.639","$1.839","$2.039","","$1.989","$2.799","8",""
"1001","Pilot Travel Center","Big Lake","TX","Hwy 67","$1.899","$2.099","$2.299","","$2.439","$2.899","6","B5"
"8628","Pilot Thomas Cardlock","Big Spring","TX","","$1.799","","","","$2.399","","","B5"
"559","Pilot Travel Center","Big Spring","TX","I-20, Exit 178 (SWQ)","$1.699","$1.899","$2.099","","$2.259","$2.799","8","B5"
"740","Flying J Travel Plaza","Brookshire","TX","I-10 Exit 732","$1.699","$1.899","$2.099","$3.099","$2.299","$2.799","8","B20"
"1028","Pilot Travel Center","Buffalo","TX","I-45 & Hwy 79, Exit 178","$1.759","$1.959","$2.159","","$2.299","$2.799","8","B10"
"367","Pilot Travel Center","Caddo Mills","TX","I-30, Exit 87","$1.739","$1.939","$2.139","","$2.259","$2.799","8","B5"
"883","Pilot Travel Center","Canton","TX","I-20, Exit 533","","","","","$2.259","$2.799","5","B5"
"1026","Pilot Travel Center","Carrizo Springs","TX","Highway 83","$1.799","$1.999","$2.199","","$2.199","$2.899","6","B10"
"1025","Flying J Travel Plaza","Channelview","TX","I-10, Exit 783","$1.699","$1.899","$2.099","","$2.299","$2.799","8",""
"1003","Pilot Travel Center","Childress","TX","Hwy 287 & Hwy 83","$1.599","$1.799","$1.999","","$2.299","$2.799","7","B5"
"551","Flying J Travel Plaza","Cisco","TX","I-20/SH206, Exit 330","","","","","$2.199","$2.799","8","B5"
"488","Flying J Travel Plaza","Cotulla","TX","I-35, Exit 69 (NWQ)","$1.799","$1.999","$2.199","","$2.249","$2.799","8","B15"
"8630","Pilot Thomas Cardlock","Crane","TX","","$1.959","","","","$2.399","","","B5"
"726","Flying J Travel Plaza","Dallas","TX","I-20 Exit 472","$1.779","$1.979","$2.179","$3.099","$2.259","$2.799","12","B15"
"433","Pilot Travel Center","Dallas","TX","I-20, Exit 470","$1.779","$1.979","$2.179","","$2.259","$2.799","10","B15"
"894","Pilot Travel Center","Eagle Pass","TX","86A US Hwy 57","","","","","$2.359","$2.899","6","B10"
"727","Flying J Travel Plaza","Edinburg","TX","Hwy 281 & FM 1925","$1.759","$1.959","$2.159","$2.999","$2.359","$2.799","8","B15"
"728","Flying J Travel Plaza","El Paso","TX","I-10 and Exit 37","$1.759","$1.959","$2.159","$2.899","$2.359","$2.799","12","B10"
"553","Flying J Travel Plaza","Fort Stockton","TX","I-10, Exit 259","$1.859","$2.059","$2.259","$3.299","$2.339","$2.799","8","B10"
"434","Pilot Travel Center","Fort Worth","TX","I-35, Exit 65","$1.759","$1.959","$2.159","","$2.259","$2.799","9","B10"
"554","Flying J Travel Plaza","George West","TX","I-37, Exit 56","$1.759","$1.959","$2.159","","$2.159","$2.799","8","B10"
"729","Flying J Travel Plaza","Houston","TX","I-45 Exit 64 & Richey Rd","$1.659","$1.859","$2.059","$3.299","$2.259","$2.799","10","B20"
"375","Pilot Travel Center","Houston","TX","I-610 & US 90E, Exit 24A","$1.699","$1.899","$2.099","","$2.299","$2.799","7","B20"
"234","Pilot Travel Center","Huntsville","TX","I-45, Exit 118","$1.649","$1.849","$2.049","","$2.299","$2.799","8","B20"
"507","Flying J Travel Plaza","Jarrell","TX","I-35 & Exit 275","","","","","$2.159","","","B10"
"1006","Pilot Travel Center","Junction","TX","I-10, Exit 456","$1.959","$2.159","$2.359","","$2.249","$2.899","8","B10"
"730","Flying J Travel Plaza","Laredo","TX","I-35 & Exit 13","$1.799","$1.999","$2.199","$3.099","$2.299","$2.799","12","B15"
"377","Pilot Travel Center","Laredo","TX","I-35, Exit 13","$1.799","$1.999","$2.199","","$2.299","$2.799","10","B15"
"733","Flying J Travel Plaza","Lubbock","TX","I-27 & 4th Street Exit","$1.639","$1.839","$2.039","$3.099","$2.259","$2.799","5","B5"
"1023","Pilot Travel Center","Lufkin","TX","Hwy 69/Loop 287","$1.689","$1.889","$2.089","","$2.159","$2.799","2","B15"
"1033","Flying J Travel Plaza","Midland","TX","I-20, Exit 138","$1.799","$1.999","$2.199","","$2.259","$2.799","9","B5"
"8621","Pilot Thomas Cardlock","Midland","TX","I-20 Exit 138","$1.859","$2.059","$2.259","","$2.399","$2.799","","B5"
"257","Pilot Travel Center","Midland","TX","I-20&FM 1788,Exit 126","$1.799","$1.999","$2.199","","$2.259","$2.799","9","B5"
"1054","Pilot Travel Center","Mustang Ridge","TX","Hwy 183 & Hwy 21","$1.759","$1.959","$2.159","","$2.159","$2.899","2","B10"
"330","Pilot Travel Center","New Braunfels","TX","I-35, Exit 184","$1.679","$1.879","$2.079","","$2.249","$2.799","9","B15"
"734","Flying J Travel Plaza","New Caney","TX","I-69/US 59 & Exit 242","$1.699","$1.899","$2.099","$3.099","$2.299","$2.799","8","B20"
"8624","Pilot Thomas Cardlock","Odessa","TX","Hwy 302 & Hwy 338 at 42nd Street","$1.859","","","","$2.399","","","B5"
"8625","Pilot Thomas Cardlock","Odessa","TX","I-20, Exit 118 & South Grandview Avenue","$1.859","","$2.259","","$2.399","","","B5"
"580","Flying J Travel Plaza","Odessa","TX","I-20, Exit 121 (Loop 338)","$1.799","$1.999","$2.199","","$2.259","$2.799","11","B5"
"735","Flying J Travel Plaza","Orange","TX","I-10 Exit 873","$1.699","$1.899","$2.099","$3.299","$2.299","$2.799","12","B15"
"431","Pilot Travel Center","Orange","TX","I-10, Exit 873","$1.699","$1.899","$2.099","","$2.299","$2.799","7","B15"
"736","Flying J Travel Plaza","Pecos","TX","I-20 Exit 42","$1.799","$1.999","$2.199","$3.399","$2.339","$2.799","10","B10"
"432","Pilot Travel Center","Robinson","TX","I-35, Exit 328","$1.739","$1.939","$2.139","","$2.159","$2.799","10","B15"
"306","Pilot Travel Center","San Antonio","TX","I-10, Exit 582 Ackerman Rd","$1.679","$1.879","$2.079","","$2.249","$2.799","7","B15"
"737","Flying J Travel Plaza","San Antonio","TX","I-10 Exit 583","$1.679","$1.879","$2.079","$3.099","$2.249","$2.799","12","B15"
"467","Pilot Travel Center","San Antonio","TX","I-37, Exit 125","$1.699","$1.899","$2.099","$3.099","$2.199","$2.799","8","B10"
"887","Pilot Travel Center","Snyder","TX","Hwy 180","","","","","$2.259","$2.799","4","B5"
"157","Pilot Travel Center","Sulphur Springs","TX","I-30, Exit 122","$1.719","$1.919","$2.119","","$2.259","$2.799","7","B5"
"1002","Pilot Travel Center","Tilden","TX","Hwy 16","$1.859","$2.059","$2.259","","$2.239","$2.799","6","B10"
"888","Pilot Travel Center","Tulia","TX","I-27, Exit 74","","","","","$2.359","$2.799","6","B5"
"738","Flying J Travel Plaza","Tye","TX","I-20 & FM 707 Exit 277","$1.789","$1.989","$2.189","$3.399","$2.199","$2.799","12","B5"
"486","Pilot Travel Center","Tyler","TX","I-20 & FM 14","$1.689","$1.889","$2.089","","$2.259","$2.799","8","B5"
"209","Pilot Travel Center","Van Horn","TX","I-10, Exit 140","$1.959","$2.159","$2.359","","$2.339","$2.799","8"," "
"1027","Pilot Travel Center","Vega","TX","I-40 & Hwy 385, Exit 36","$1.659","$1.859","$2.059","$2.999","$2.359","$2.799","8",""
"568","Pilot Travel Center","Von Ormy","TX","I-35, Exit 140","$1.759","$1.959","$2.159","","$2.249","$2.799","8","B10"
"739","Flying J Travel Plaza","Waco","TX","I-35 & New Road","$1.739","$1.939","$2.139","$3.099","$2.159","$2.799","8","B15"
"206","Pilot Travel Center","Weatherford","TX","I-20, Exit 406","$1.699","$1.899","$2.099","","$2.259","$2.799","8","B10"
"741","Flying J Travel Plaza","Wichita Falls","TX","US 287 & Jacksboro Highway","$1.699","$1.899","$2.099","$2.999","$2.299","$2.799","5","B5"
"509","Flying J Travel Plaza","Beaver","UT","I-15, Exit 112","","","","","$2.559","$2.799","6",""
"892","Pilot Travel Center","Green River","UT","I-70, Exit 164","","","","","$2.359","$2.799","2",""
"742","Flying J Travel Plaza","Lake Point","UT","I-80 Exit 99","$1.959","$2.159","$2.359","$2.599","$2.559","$2.999","8",""
"743","Flying J Travel Plaza","Nephi","UT","I-15 Exit 222","$2.059","$2.259","$2.459","$2.999","$2.559","$2.799","8",""
"772","Flying J Travel Plaza","North Salt Lake","UT","I-215 & Redwood Rd, Exit 27","$1.879","$2.079","$2.279","$2.499","$2.559","$2.999","5",""
"744","Flying J Travel Plaza","Ogden","UT","I-15 Exit 343","$1.859","$2.059","$2.259","$2.699","$2.559","$2.999","8",""
"294","Pilot Travel Center","Ogden","UT","I-15 & UT 39, Exit 344","$1.859","$2.059","$2.259","","$2.559","$2.999","7",""
"508","Pilot Travel Center","Perry","UT","I-15 Exit 362","","","","","$2.559","$2.999","1",""
"773","Flying J Travel Plaza","Richfield","UT","I-70 Exit 40","$2.199","$2.399","$2.599","$2.499","$2.359","$2.799","5"," "
"140","Pilot Fuel Center","Roosevelt","UT","Hwy 191/40","$2.159","$2.359","$2.559","$2.599","$2.599","","",""
"746","Flying J Travel Plaza","Salt Lake City","UT","I-15 & I-80 SR201, Exit 17","$1.899","$2.099","$2.299","$2.499","$2.559","$2.999","8",""
"510","Flying J Travel Plaza","Scipio","UT","I-15, Exit 188","","","","","$2.559","$2.799","",""
"774","Flying J Travel Plaza","Snowville","UT","I-84 Exit 7","$1.899","$2.099","$2.299","$2.799","$2.559","$2.999","3",""
"747","Flying J Travel Plaza","Springville","UT","I-15, Exit 261","$1.899","$2.099","$2.299","$2.799","$2.559","$2.799","8",""
"775","Pilot Travel Center","St. George","UT","I-15 Exit 4","$2.199","$2.399","$2.599","$3.099","$2.559","$2.799","7","B20"
"748","Flying J Travel Plaza","Willard","UT","I-15 Exit 357","$1.879","$2.079","$2.279","$2.699","$2.559","$2.999","5",""
"749","Flying J Travel Plaza","Carmel Church","VA","I-95 Exit 104","$1.759","$1.959","$2.159","$2.899","$2.199","$2.799","12","B5"
"384","Pilot Travel Center","Colonial Heights","VA","I-95, Exit 58","$1.799","$1.999","$2.199","","$2.199","$2.799","10","B5"
"256","Pilot Travel Center","Danville","VA","Hwy 58 & Hwy 29","$1.759","$1.959","$2.159","","$2.259","$2.799","5","B5"
"4656","Pilot Travel Center","Disputanta","VA","I-295 & Rt. 460, Exit 3A","$1.779","$1.979","$2.179","","$2.139","$2.799","8",""
"898","Pilot Travel Center","Emporia","VA","I-95, Exit 11 (Hwy 58)","","","","","$2.199","","","B5"
"750","Flying J Travel Plaza","Fort Chiswell","VA","I-81 & I-77 Exit 80","$1.799","$1.999","$2.199","$2.699","$2.299","$2.799","10","B5"
"491","Pilot Travel Center","Harrisonburg","VA","I-81, Exit 251","$1.759","$1.959","$2.159","","$2.299","$2.799","9","B5"
"159","Pilot Travel Center","Providence Forge","VA","I-64, Exit 211","$1.799","$1.999","$2.199","","$2.299","$2.799","7","B5"
"4649","Pilot Travel Center","Raphine","VA","I-81/I-64, Exit 205","$1.779","$1.979","$2.179","","$2.299","$2.799","13",""
"753","Mr. Fuel","Ruther Glen","VA","I-95, Exit 104","$1.759","$1.959","$2.159","","$2.189","$2.699","10",""
"876","Flying J Travel Plaza","Ruther Glen","VA","I-95, Exit 104","$1.759","$1.959","$2.159","$2.899","$2.199","$2.799","6","B5"
"4651","Pilot Travel Center","Skippers","VA","I-95, Exit 4","$1.859","$2.059","$2.259","","$2.199","$2.799","7",""
"4622","Pilot Travel Center","South Boston","VA","Philpott Hwy 58","$1.759","$1.959","$2.159","","$2.259","$2.799","5",""
"899","Pilot Travel Center","South Hill","VA","I-85, Exit 12 (Hwy 58)","","","","","$2.139","$2.799","2","B5"
"396","Pilot Travel Center","Staunton","VA","I-81, Exit 213A","$1.759","$1.959","$2.159","","$2.299","$2.799","9"," "
"4642","Pilot Travel Center","Tom's Brook","VA","I-81, Exit 291","$1.859","$2.059","$2.259","","$2.299","$2.799","10",""
"258","Pilot Travel Center","Troutville","VA","I-81, Exit 150A or B","$1.759","$1.959","$2.159","","$2.299","$2.799","6"," "
"752","Flying J Travel Plaza","Winchester","VA","I-81 Exit 323","$1.859","$2.059","$2.259","$3.199","$2.299","$2.799","12","B5"
"754","Flying J Travel Plaza","Wytheville","VA","I-77 & I-81 Exit 77","$1.799","$1.999","$2.199","$2.599","$2.299","$2.799","12","B5"
"4619","Pilot Travel Center","Wytheville","VA","I-81/I-77, Exit 77","$1.799","$1.999","$2.199","","$2.299","$2.799","8",""
"965","Flying J Travel Plaza","Ellensburg","WA","I-90 Canyon Rd Exit 109","$2.399","$2.499","$2.599","$3.899","$3.019","$2.899","",""
"583","Pilot Travel Center","Ferndale","WA","I-5, Exit 262","$2.099","$2.299","$2.499","","$2.599","$2.799","7",""
"970","Flying J Travel Plaza","Pasco","WA","U.S. Hwy 395","$2.349","$2.559","","","$2.999","$2.899","",""
"963","Flying J Travel Plaza","Spokane","WA","I-90 Exit 276","$2.399","$2.499","$2.599","$3.499","$3.019","$2.899","",""
"967","Flying J Travel Plaza","Spokane","WA","I-90 Exit 286","$2.399","$2.499","$2.599","$3.999","$3.019","$2.899","",""
"151","Pilot Travel Center","Tumwater","WA","I-5, Exit 99 NE","$2.239","$2.439","$2.639","","$2.599","$2.799","8","B5"
"289","Pilot Travel Center","Beloit","WI","I-43/90/WI 81, Exit 185A","$1.839","$2.039","$2.239","","$2.389","$2.799","8"," "
"756","Flying J Travel Plaza","Black River Falls","WI","I-94 & Exit 116","$1.969","$2.169","$2.369","$3.199","$2.279","$2.899","10",""
"528","Pilot Travel Center - Road Ranger","Cottage Grove","WI","I-90, Exit 147","","","","","$2.299","$2.799","3"," "
"544","Pilot Travel Center - Road Ranger","East Troy","WI","I-43, Exit 38","","","","","$2.389","",""," "
"324","Pilot Travel Center","Franksville","WI","I-94 & CR K, Exit 329","$1.879","$2.079","$2.279","","$2.299","$2.799","7"," "
"164","Pilot Travel Center","Mauston","WI","I-90/94, Exit 69","$1.929","$2.129","$2.329","","$2.279","$2.799","7"," "
"40","Pilot Travel Center","Oak Creek","WI","I-94, Exit 322","$1.879","$2.079","$2.279","","$2.299","$2.799","11","B10"
"538","Pilot Travel Center - Road Ranger","Oakdale","WI","I-90/94, Exit 48","","","","","$2.279","$2.899","4"," "
"470","Flying J Travel Plaza","Roberts","WI","US 65 & I-94","$1.899","$2.099","$2.299","$2.999","$2.259","$2.899","8",""
"503","Pilot Travel Center","Morgantown","WV","I-79, Exit 146","$1.879","$2.079","$2.279","","$2.539","$2.899","7",""
"243","Pilot Travel Center","Nitro","WV","I-64 & SR 25, Exit 45","$1.829","$2.029","$2.229","","$2.459","$2.799","6",""
"474","Pilot Travel Center","Sutton","WV","I-79, Exit 67","$1.899","$2.099","$2.299","","$2.539","$2.899","7",""
"758","Flying J Travel Plaza","Casper","WY","I-25 Exit 185","$1.839","$2.039","$2.239","$2.799","$2.499","$2.799","5",""
"759","Flying J Travel Plaza","Cheyenne","WY","I-25 Exit 7","$1.759","$1.959","$2.159","$2.599","$2.139","$2.799","8",""
"402","Pilot Travel Center","Cheyenne","WY","I-80, Exit 367","$1.759","$1.959","$2.159","$2.599","$2.139","$2.799","10",""
"760","Flying J Travel Plaza","Cokeville","WY","US HWY 30/SR 232","$2.159","$2.359","$2.559","$2.799","$2.599","$2.999","5",""
"761","Flying J Travel Plaza","Evanston","WY","I-80 Exit 3","$1.999","$2.199","$2.399","$3.099","$2.459","$2.799","7",""
"141","Pilot Travel Center","Evanston","WY","I-80, Exit 6","$1.999","$2.199","$2.399","","$2.459","$2.799","7",""
"762","Flying J Travel Plaza","Gillette","WY","I-90 & Hwy 59","$1.899","$2.099","$2.299","$2.799","$2.459","$2.999","5",""
"308","Pilot Travel Center","Laramie","WY","I-80, Exit 310","$1.799","$1.999","$2.199","","$2.169","$2.799","9",""
"763","Flying J Travel Plaza","Rawlins","WY","I-80 Exit 209","$1.999","$2.199","$2.399","$2.799","$2.459","$2.799","10",""
"764","Flying J Travel Plaza","Rock Springs","WY","I-80 Exit 104","$1.999","$2.199","$2.399","$2.999","$2.459","$2.799","7",""
* Tax Exempt Price
